read_day,trik_ID,bins,counts,light_status,uniqueID,eclosion_date,eclosion_days,well_id,organism,Trikinetics_entry_LD_time,trik_cohort,day,time
1,18,0:15,0,0,5w69,9/26/17,32,A7,fly,16:08,1,5,0
1,18,0:30,0,0,5w69,9/26/17,32,A7,fly,16:08,1,5,0.25
1,18,0:45,0,0,5w69,9/26/17,32,A7,fly,16:08,1,5,0.5
1,18,1:00,0,0,5w69,9/26/17,32,A7,fly,16:08,1,5,0.75
1,18,1:15,0,0,5w69,9/26/17,32,A7,fly,16:08,1,5,1
1,18,1:30,0,0,5w69,9/26/17,32,A7,fly,16:08,1,5,1.25
1,18,1:45,0,0,5w69,9/26/17,32,A7,fly,16:08,1,5,1.5
1,18,2:00,0,0,5w69,9/26/17,32,A7,fly,16:08,1,5,1.75
1,18,2:15,0,0,5w69,9/26/17,32,A7,fly,16:08,1,5,2
1,18,2:30,0,0,5w69,9/26/17,32,A7,fly,16:08,1,5,2.25
1,18,2:45,0,0,5w69,9/26/17,32,A7,fly,16:08,1,5,2.5
1,18,3:00,0,0,5w69,9/26/17,32,A7,fly,16:08,1,5,2.75
1,18,3:15,0,0,5w69,9/26/17,32,A7,fly,16:08,1,5,3
1,18,3:30,0,0,5w69,9/26/17,32,A7,fly,16:08,1,5,3.25
1,18,3:45,0,0,5w69,9/26/17,32,A7,fly,16:08,1,5,3.5
1,18,4:00,0,0,5w69,9/26/17,32,A7,fly,16:08,1,5,3.75
1,18,4:15,0,0,5w69,9/26/17,32,A7,fly,16:08,1,5,4
1,18,4:30,0,0,5w69,9/26/17,32,A7,fly,16:08,1,5,4.25
1,18,4:45,0,0,5w69,9/26/17,32,A7,fly,16:08,1,5,4.5
1,18,5:00,0,0,5w69,9/26/17,32,A7,fly,16:08,1,5,4.75
1,18,5:15,0,0,5w69,9/26/17,32,A7,fly,16:08,1,5,5
1,18,5:30,0,0,5w69,9/26/17,32,A7,fly,16:08,1,5,5.25
1,18,5:45,0,0,5w69,9/26/17,32,A7,fly,16:08,1,5,5.5
1,18,6:00,0,0,5w69,9/26/17,32,A7,fly,16:08,1,5,5.75
1,18,6:15,25,0.933333333,5w69,9/26/17,32,A7,fly,16:08,1,5,6
1,18,6:30,23,1,5w69,9/26/17,32,A7,fly,16:08,1,5,6.25
1,18,6:45,12,1,5w69,9/26/17,32,A7,fly,16:08,1,5,6.5
1,18,7:00,5,1,5w69,9/26/17,32,A7,fly,16:08,1,5,6.75
1,18,7:15,6,1,5w69,9/26/17,32,A7,fly,16:08,1,5,7
1,18,7:30,15,1,5w69,9/26/17,32,A7,fly,16:08,1,5,7.25
1,18,7:45,1,1,5w69,9/26/17,32,A7,fly,16:08,1,5,7.5
1,18,8:00,4,1,5w69,9/26/17,32,A7,fly,16:08,1,5,7.75
1,18,8:15,4,1,5w69,9/26/17,32,A7,fly,16:08,1,5,8
1,18,8:30,1,1,5w69,9/26/17,32,A7,fly,16:08,1,5,8.25
1,18,8:45,1,1,5w69,9/26/17,32,A7,fly,16:08,1,5,8.5
1,18,9:00,0,1,5w69,9/26/17,32,A7,fly,16:08,1,5,8.75
1,18,9:15,0,1,5w69,9/26/17,32,A7,fly,16:08,1,5,9
1,18,9:30,3,1,5w69,9/26/17,32,A7,fly,16:08,1,5,9.25
1,18,9:45,25,1,5w69,9/26/17,32,A7,fly,16:08,1,5,9.5
1,18,10:00,0,1,5w69,9/26/17,32,A7,fly,16:08,1,5,9.75
1,18,10:15,10,1,5w69,9/26/17,32,A7,fly,16:08,1,5,10
1,18,10:30,6,1,5w69,9/26/17,32,A7,fly,16:08,1,5,10.25
1,18,10:45,11,1,5w69,9/26/17,32,A7,fly,16:08,1,5,10.5
1,18,11:00,13,1,5w69,9/26/17,32,A7,fly,16:08,1,5,10.75
1,18,11:15,14,1,5w69,9/26/17,32,A7,fly,16:08,1,5,11
1,18,11:30,0,1,5w69,9/26/17,32,A7,fly,16:08,1,5,11.25
1,18,11:45,0,1,5w69,9/26/17,32,A7,fly,16:08,1,5,11.5
1,18,12:00,7,1,5w69,9/26/17,32,A7,fly,16:08,1,5,11.75
1,18,12:15,2,1,5w69,9/26/17,32,A7,fly,16:08,1,5,12
1,18,12:30,0,1,5w69,9/26/17,32,A7,fly,16:08,1,5,12.25
1,18,12:45,0,1,5w69,9/26/17,32,A7,fly,16:08,1,5,12.5
1,18,13:00,0,1,5w69,9/26/17,32,A7,fly,16:08,1,5,12.75
1,18,13:15,25,1,5w69,9/26/17,32,A7,fly,16:08,1,5,13
1,18,13:30,10,1,5w69,9/26/17,32,A7,fly,16:08,1,5,13.25
1,18,13:45,16,1,5w69,9/26/17,32,A7,fly,16:08,1,5,13.5
1,18,14:00,12,1,5w69,9/26/17,32,A7,fly,16:08,1,5,13.75
1,18,14:15,0,1,5w69,9/26/17,32,A7,fly,16:08,1,5,14
1,18,14:30,0,1,5w69,9/26/17,32,A7,fly,16:08,1,5,14.25
1,18,14:45,10,1,5w69,9/26/17,32,A7,fly,16:08,1,5,14.5
1,18,15:00,2,1,5w69,9/26/17,32,A7,fly,16:08,1,5,14.75
1,18,15:15,0,1,5w69,9/26/17,32,A7,fly,16:08,1,5,15
1,18,15:30,5,1,5w69,9/26/17,32,A7,fly,16:08,1,5,15.25
1,18,15:45,25,1,5w69,9/26/17,32,A7,fly,16:08,1,5,15.5
1,18,16:00,44,1,5w69,9/26/17,32,A7,fly,16:08,1,5,15.75
1,18,16:15,47,1,5w69,9/26/17,32,A7,fly,16:08,1,5,16
1,18,16:30,22,1,5w69,9/26/17,32,A7,fly,16:08,1,5,16.25
1,18,16:45,15,1,5w69,9/26/17,32,A7,fly,16:08,1,5,16.5
1,18,17:00,11,1,5w69,9/26/17,32,A7,fly,16:08,1,5,16.75
1,18,17:15,21,1,5w69,9/26/17,32,A7,fly,16:08,1,5,17
1,18,17:30,27,1,5w69,9/26/17,32,A7,fly,16:08,1,5,17.25
1,18,17:45,18,1,5w69,9/26/17,32,A7,fly,16:08,1,5,17.5
1,18,18:00,35,1,5w69,9/26/17,32,A7,fly,16:08,1,5,17.75
1,18,18:15,28,1,5w69,9/26/17,32,A7,fly,16:08,1,5,18
1,18,18:30,18,1,5w69,9/26/17,32,A7,fly,16:08,1,5,18.25
1,18,18:45,12,1,5w69,9/26/17,32,A7,fly,16:08,1,5,18.5
1,18,19:00,11,1,5w69,9/26/17,32,A7,fly,16:08,1,5,18.75
1,18,19:15,17,1,5w69,9/26/17,32,A7,fly,16:08,1,5,19
1,18,19:30,24,1,5w69,9/26/17,32,A7,fly,16:08,1,5,19.25
1,18,19:45,21,1,5w69,9/26/17,32,A7,fly,16:08,1,5,19.5
1,18,20:00,16,0.933333333,5w69,9/26/17,32,A7,fly,16:08,1,5,19.75
1,18,20:15,1,0,5w69,9/26/17,32,A7,fly,16:08,1,5,20
1,18,20:30,0,0,5w69,9/26/17,32,A7,fly,16:08,1,5,20.25
1,18,20:45,0,0,5w69,9/26/17,32,A7,fly,16:08,1,5,20.5
1,18,21:00,0,0,5w69,9/26/17,32,A7,fly,16:08,1,5,20.75
1,18,21:15,0,0,5w69,9/26/17,32,A7,fly,16:08,1,5,21
1,18,21:30,0,0,5w69,9/26/17,32,A7,fly,16:08,1,5,21.25
1,18,21:45,0,0,5w69,9/26/17,32,A7,fly,16:08,1,5,21.5
1,18,22:00,0,0,5w69,9/26/17,32,A7,fly,16:08,1,5,21.75
1,18,22:15,0,0,5w69,9/26/17,32,A7,fly,16:08,1,5,22
1,18,22:30,0,0,5w69,9/26/17,32,A7,fly,16:08,1,5,22.25
1,18,22:45,0,0,5w69,9/26/17,32,A7,fly,16:08,1,5,22.5
1,18,23:00,0,0,5w69,9/26/17,32,A7,fly,16:08,1,5,22.75
1,18,23:15,0,0,5w69,9/26/17,32,A7,fly,16:08,1,5,23
1,18,23:30,0,0,5w69,9/26/17,32,A7,fly,16:08,1,5,23.25
1,18,23:45,0,0,5w69,9/26/17,32,A7,fly,16:08,1,5,23.5
1,18,24:00:00,0,0,5w69,9/26/17,32,A7,fly,16:08,1,5,23.75
1,18,NA,0,0,5w69,9/26/17,32,A7,fly,16:08,1,5,24
2,18,0:15,0,0,5w69,9/26/17,32,A7,fly,16:08,1,6,0
2,18,0:30,0,0,5w69,9/26/17,32,A7,fly,16:08,1,6,0.25
2,18,0:45,0,0,5w69,9/26/17,32,A7,fly,16:08,1,6,0.5
2,18,1:00,0,0,5w69,9/26/17,32,A7,fly,16:08,1,6,0.75
2,18,1:15,0,0,5w69,9/26/17,32,A7,fly,16:08,1,6,1
2,18,1:30,0,0,5w69,9/26/17,32,A7,fly,16:08,1,6,1.25
2,18,1:45,0,0,5w69,9/26/17,32,A7,fly,16:08,1,6,1.5
2,18,2:00,0,0,5w69,9/26/17,32,A7,fly,16:08,1,6,1.75
2,18,2:15,0,0,5w69,9/26/17,32,A7,fly,16:08,1,6,2
2,18,2:30,0,0,5w69,9/26/17,32,A7,fly,16:08,1,6,2.25
2,18,2:45,0,0,5w69,9/26/17,32,A7,fly,16:08,1,6,2.5
2,18,3:00,0,0,5w69,9/26/17,32,A7,fly,16:08,1,6,2.75
2,18,3:15,0,0,5w69,9/26/17,32,A7,fly,16:08,1,6,3
2,18,3:30,0,0,5w69,9/26/17,32,A7,fly,16:08,1,6,3.25
2,18,3:45,0,0,5w69,9/26/17,32,A7,fly,16:08,1,6,3.5
2,18,4:00,0,0,5w69,9/26/17,32,A7,fly,16:08,1,6,3.75
2,18,4:15,0,0,5w69,9/26/17,32,A7,fly,16:08,1,6,4
2,18,4:30,0,0,5w69,9/26/17,32,A7,fly,16:08,1,6,4.25
2,18,4:45,0,0,5w69,9/26/17,32,A7,fly,16:08,1,6,4.5
2,18,5:00,0,0,5w69,9/26/17,32,A7,fly,16:08,1,6,4.75
2,18,5:15,0,0,5w69,9/26/17,32,A7,fly,16:08,1,6,5
2,18,5:30,0,0,5w69,9/26/17,32,A7,fly,16:08,1,6,5.25
2,18,5:45,0,0,5w69,9/26/17,32,A7,fly,16:08,1,6,5.5
2,18,6:00,0,0,5w69,9/26/17,32,A7,fly,16:08,1,6,5.75
2,18,6:15,19,0.933333333,5w69,9/26/17,32,A7,fly,16:08,1,6,6
2,18,6:30,17,1,5w69,9/26/17,32,A7,fly,16:08,1,6,6.25
2,18,6:45,23,1,5w69,9/26/17,32,A7,fly,16:08,1,6,6.5
2,18,7:00,33,1,5w69,9/26/17,32,A7,fly,16:08,1,6,6.75
2,18,7:15,25,1,5w69,9/26/17,32,A7,fly,16:08,1,6,7
2,18,7:30,9,1,5w69,9/26/17,32,A7,fly,16:08,1,6,7.25
2,18,7:45,28,1,5w69,9/26/17,32,A7,fly,16:08,1,6,7.5
2,18,8:00,55,1,5w69,9/26/17,32,A7,fly,16:08,1,6,7.75
2,18,8:15,5,1,5w69,9/26/17,32,A7,fly,16:08,1,6,8
2,18,8:30,1,1,5w69,9/26/17,32,A7,fly,16:08,1,6,8.25
2,18,8:45,11,1,5w69,9/26/17,32,A7,fly,16:08,1,6,8.5
2,18,9:00,1,1,5w69,9/26/17,32,A7,fly,16:08,1,6,8.75
2,18,9:15,0,1,5w69,9/26/17,32,A7,fly,16:08,1,6,9
2,18,9:30,4,1,5w69,9/26/17,32,A7,fly,16:08,1,6,9.25
2,18,9:45,11,1,5w69,9/26/17,32,A7,fly,16:08,1,6,9.5
2,18,10:00,9,1,5w69,9/26/17,32,A7,fly,16:08,1,6,9.75
2,18,10:15,7,1,5w69,9/26/17,32,A7,fly,16:08,1,6,10
2,18,10:30,19,1,5w69,9/26/17,32,A7,fly,16:08,1,6,10.25
2,18,10:45,21,1,5w69,9/26/17,32,A7,fly,16:08,1,6,10.5
2,18,11:00,13,1,5w69,9/26/17,32,A7,fly,16:08,1,6,10.75
2,18,11:15,14,1,5w69,9/26/17,32,A7,fly,16:08,1,6,11
2,18,11:30,32,1,5w69,9/26/17,32,A7,fly,16:08,1,6,11.25
2,18,11:45,8,1,5w69,9/26/17,32,A7,fly,16:08,1,6,11.5
2,18,12:00,0,1,5w69,9/26/17,32,A7,fly,16:08,1,6,11.75
2,18,12:15,30,1,5w69,9/26/17,32,A7,fly,16:08,1,6,12
2,18,12:30,8,1,5w69,9/26/17,32,A7,fly,16:08,1,6,12.25
2,18,12:45,0,1,5w69,9/26/17,32,A7,fly,16:08,1,6,12.5
2,18,13:00,0,1,5w69,9/26/17,32,A7,fly,16:08,1,6,12.75
2,18,13:15,0,1,5w69,9/26/17,32,A7,fly,16:08,1,6,13
2,18,13:30,0,1,5w69,9/26/17,32,A7,fly,16:08,1,6,13.25
2,18,13:45,10,1,5w69,9/26/17,32,A7,fly,16:08,1,6,13.5
2,18,14:00,7,1,5w69,9/26/17,32,A7,fly,16:08,1,6,13.75
2,18,14:15,37,1,5w69,9/26/17,32,A7,fly,16:08,1,6,14
2,18,14:30,10,1,5w69,9/26/17,32,A7,fly,16:08,1,6,14.25
2,18,14:45,11,1,5w69,9/26/17,32,A7,fly,16:08,1,6,14.5
2,18,15:00,21,1,5w69,9/26/17,32,A7,fly,16:08,1,6,14.75
2,18,15:15,7,1,5w69,9/26/17,32,A7,fly,16:08,1,6,15
2,18,15:30,32,1,5w69,9/26/17,32,A7,fly,16:08,1,6,15.25
2,18,15:45,15,1,5w69,9/26/17,32,A7,fly,16:08,1,6,15.5
2,18,16:00,21,1,5w69,9/26/17,32,A7,fly,16:08,1,6,15.75
2,18,16:15,23,1,5w69,9/26/17,32,A7,fly,16:08,1,6,16
2,18,16:30,26,1,5w69,9/26/17,32,A7,fly,16:08,1,6,16.25
2,18,16:45,14,1,5w69,9/26/17,32,A7,fly,16:08,1,6,16.5
2,18,17:00,19,1,5w69,9/26/17,32,A7,fly,16:08,1,6,16.75
2,18,17:15,30,1,5w69,9/26/17,32,A7,fly,16:08,1,6,17
2,18,17:30,22,1,5w69,9/26/17,32,A7,fly,16:08,1,6,17.25
2,18,17:45,18,1,5w69,9/26/17,32,A7,fly,16:08,1,6,17.5
2,18,18:00,20,1,5w69,9/26/17,32,A7,fly,16:08,1,6,17.75
2,18,18:15,40,1,5w69,9/26/17,32,A7,fly,16:08,1,6,18
2,18,18:30,5,1,5w69,9/26/17,32,A7,fly,16:08,1,6,18.25
2,18,18:45,16,1,5w69,9/26/17,32,A7,fly,16:08,1,6,18.5
2,18,19:00,28,1,5w69,9/26/17,32,A7,fly,16:08,1,6,18.75
2,18,19:15,22,1,5w69,9/26/17,32,A7,fly,16:08,1,6,19
2,18,19:30,34,1,5w69,9/26/17,32,A7,fly,16:08,1,6,19.25
2,18,19:45,14,1,5w69,9/26/17,32,A7,fly,16:08,1,6,19.5
2,18,20:00,52,0.933333333,5w69,9/26/17,32,A7,fly,16:08,1,6,19.75
2,18,20:15,0,0,5w69,9/26/17,32,A7,fly,16:08,1,6,20
2,18,20:30,0,0,5w69,9/26/17,32,A7,fly,16:08,1,6,20.25
2,18,20:45,0,0,5w69,9/26/17,32,A7,fly,16:08,1,6,20.5
2,18,21:00,0,0,5w69,9/26/17,32,A7,fly,16:08,1,6,20.75
2,18,21:15,0,0,5w69,9/26/17,32,A7,fly,16:08,1,6,21
2,18,21:30,0,0,5w69,9/26/17,32,A7,fly,16:08,1,6,21.25
2,18,21:45,0,0,5w69,9/26/17,32,A7,fly,16:08,1,6,21.5
2,18,22:00,0,0,5w69,9/26/17,32,A7,fly,16:08,1,6,21.75
2,18,22:15,0,0,5w69,9/26/17,32,A7,fly,16:08,1,6,22
2,18,22:30,0,0,5w69,9/26/17,32,A7,fly,16:08,1,6,22.25
2,18,22:45,0,0,5w69,9/26/17,32,A7,fly,16:08,1,6,22.5
2,18,23:00,0,0,5w69,9/26/17,32,A7,fly,16:08,1,6,22.75
2,18,23:15,0,0,5w69,9/26/17,32,A7,fly,16:08,1,6,23
2,18,23:30,0,0,5w69,9/26/17,32,A7,fly,16:08,1,6,23.25
2,18,23:45,0,0,5w69,9/26/17,32,A7,fly,16:08,1,6,23.5
2,18,24:00:00,0,0,5w69,9/26/17,32,A7,fly,16:08,1,6,23.75
2,18,NA,0,0,5w69,9/26/17,32,A7,fly,16:08,1,6,24
3,18,0:15,0,0,5w69,9/26/17,32,A7,fly,16:08,1,7,0
3,18,0:30,0,0,5w69,9/26/17,32,A7,fly,16:08,1,7,0.25
3,18,0:45,0,0,5w69,9/26/17,32,A7,fly,16:08,1,7,0.5
3,18,1:00,0,0,5w69,9/26/17,32,A7,fly,16:08,1,7,0.75
3,18,1:15,0,0,5w69,9/26/17,32,A7,fly,16:08,1,7,1
3,18,1:30,0,0,5w69,9/26/17,32,A7,fly,16:08,1,7,1.25
3,18,1:45,0,0,5w69,9/26/17,32,A7,fly,16:08,1,7,1.5
3,18,2:00,0,0,5w69,9/26/17,32,A7,fly,16:08,1,7,1.75
3,18,2:15,0,0,5w69,9/26/17,32,A7,fly,16:08,1,7,2
3,18,2:30,0,0,5w69,9/26/17,32,A7,fly,16:08,1,7,2.25
3,18,2:45,0,0,5w69,9/26/17,32,A7,fly,16:08,1,7,2.5
3,18,3:00,0,0,5w69,9/26/17,32,A7,fly,16:08,1,7,2.75
3,18,3:15,0,0,5w69,9/26/17,32,A7,fly,16:08,1,7,3
3,18,3:30,0,0,5w69,9/26/17,32,A7,fly,16:08,1,7,3.25
3,18,3:45,0,0,5w69,9/26/17,32,A7,fly,16:08,1,7,3.5
3,18,4:00,0,0,5w69,9/26/17,32,A7,fly,16:08,1,7,3.75
3,18,4:15,0,0,5w69,9/26/17,32,A7,fly,16:08,1,7,4
3,18,4:30,0,0,5w69,9/26/17,32,A7,fly,16:08,1,7,4.25
3,18,4:45,0,0,5w69,9/26/17,32,A7,fly,16:08,1,7,4.5
3,18,5:00,0,0,5w69,9/26/17,32,A7,fly,16:08,1,7,4.75
3,18,5:15,0,0,5w69,9/26/17,32,A7,fly,16:08,1,7,5
3,18,5:30,0,0,5w69,9/26/17,32,A7,fly,16:08,1,7,5.25
3,18,5:45,0,0,5w69,9/26/17,32,A7,fly,16:08,1,7,5.5
3,18,6:00,0,0,5w69,9/26/17,32,A7,fly,16:08,1,7,5.75
3,18,6:15,8,0.933333333,5w69,9/26/17,32,A7,fly,16:08,1,7,6
3,18,6:30,15,1,5w69,9/26/17,32,A7,fly,16:08,1,7,6.25
3,18,6:45,15,1,5w69,9/26/17,32,A7,fly,16:08,1,7,6.5
3,18,7:00,7,1,5w69,9/26/17,32,A7,fly,16:08,1,7,6.75
3,18,7:15,12,1,5w69,9/26/17,32,A7,fly,16:08,1,7,7
3,18,7:30,11,1,5w69,9/26/17,32,A7,fly,16:08,1,7,7.25
3,18,7:45,19,1,5w69,9/26/17,32,A7,fly,16:08,1,7,7.5
3,18,8:00,20,1,5w69,9/26/17,32,A7,fly,16:08,1,7,7.75
3,18,8:15,58,1,5w69,9/26/17,32,A7,fly,16:08,1,7,8
3,18,8:30,11,1,5w69,9/26/17,32,A7,fly,16:08,1,7,8.25
3,18,8:45,17,1,5w69,9/26/17,32,A7,fly,16:08,1,7,8.5
3,18,9:00,10,1,5w69,9/26/17,32,A7,fly,16:08,1,7,8.75
3,18,9:15,0,1,5w69,9/26/17,32,A7,fly,16:08,1,7,9
3,18,9:30,3,1,5w69,9/26/17,32,A7,fly,16:08,1,7,9.25
3,18,9:45,1,1,5w69,9/26/17,32,A7,fly,16:08,1,7,9.5
3,18,10:00,4,1,5w69,9/26/17,32,A7,fly,16:08,1,7,9.75
3,18,10:15,2,1,5w69,9/26/17,32,A7,fly,16:08,1,7,10
3,18,10:30,2,1,5w69,9/26/17,32,A7,fly,16:08,1,7,10.25
3,18,10:45,11,1,5w69,9/26/17,32,A7,fly,16:08,1,7,10.5
3,18,11:00,0,1,5w69,9/26/17,32,A7,fly,16:08,1,7,10.75
3,18,11:15,0,1,5w69,9/26/17,32,A7,fly,16:08,1,7,11
3,18,11:30,20,1,5w69,9/26/17,32,A7,fly,16:08,1,7,11.25
3,18,11:45,13,1,5w69,9/26/17,32,A7,fly,16:08,1,7,11.5
3,18,12:00,0,1,5w69,9/26/17,32,A7,fly,16:08,1,7,11.75
3,18,12:15,8,1,5w69,9/26/17,32,A7,fly,16:08,1,7,12
3,18,12:30,0,1,5w69,9/26/17,32,A7,fly,16:08,1,7,12.25
3,18,12:45,0,1,5w69,9/26/17,32,A7,fly,16:08,1,7,12.5
3,18,13:00,3,1,5w69,9/26/17,32,A7,fly,16:08,1,7,12.75
3,18,13:15,11,1,5w69,9/26/17,32,A7,fly,16:08,1,7,13
3,18,13:30,7,1,5w69,9/26/17,32,A7,fly,16:08,1,7,13.25
3,18,13:45,0,1,5w69,9/26/17,32,A7,fly,16:08,1,7,13.5
3,18,14:00,1,1,5w69,9/26/17,32,A7,fly,16:08,1,7,13.75
3,18,14:15,0,1,5w69,9/26/17,32,A7,fly,16:08,1,7,14
3,18,14:30,16,1,5w69,9/26/17,32,A7,fly,16:08,1,7,14.25
3,18,14:45,20,1,5w69,9/26/17,32,A7,fly,16:08,1,7,14.5
3,18,15:00,19,1,5w69,9/26/17,32,A7,fly,16:08,1,7,14.75
3,18,15:15,9,1,5w69,9/26/17,32,A7,fly,16:08,1,7,15
3,18,15:30,8,1,5w69,9/26/17,32,A7,fly,16:08,1,7,15.25
3,18,15:45,11,1,5w69,9/26/17,32,A7,fly,16:08,1,7,15.5
3,18,16:00,1,1,5w69,9/26/17,32,A7,fly,16:08,1,7,15.75
3,18,16:15,12,1,5w69,9/26/17,32,A7,fly,16:08,1,7,16
3,18,16:30,0,1,5w69,9/26/17,32,A7,fly,16:08,1,7,16.25
3,18,16:45,12,1,5w69,9/26/17,32,A7,fly,16:08,1,7,16.5
3,18,17:00,13,1,5w69,9/26/17,32,A7,fly,16:08,1,7,16.75
3,18,17:15,2,1,5w69,9/26/17,32,A7,fly,16:08,1,7,17
3,18,17:30,7,1,5w69,9/26/17,32,A7,fly,16:08,1,7,17.25
3,18,17:45,16,1,5w69,9/26/17,32,A7,fly,16:08,1,7,17.5
3,18,18:00,22,1,5w69,9/26/17,32,A7,fly,16:08,1,7,17.75
3,18,18:15,17,1,5w69,9/26/17,32,A7,fly,16:08,1,7,18
3,18,18:30,18,1,5w69,9/26/17,32,A7,fly,16:08,1,7,18.25
3,18,18:45,10,1,5w69,9/26/17,32,A7,fly,16:08,1,7,18.5
3,18,19:00,9,1,5w69,9/26/17,32,A7,fly,16:08,1,7,18.75
3,18,19:15,36,1,5w69,9/26/17,32,A7,fly,16:08,1,7,19
3,18,19:30,12,1,5w69,9/26/17,32,A7,fly,16:08,1,7,19.25
3,18,19:45,2,1,5w69,9/26/17,32,A7,fly,16:08,1,7,19.5
3,18,20:00,19,0.933333333,5w69,9/26/17,32,A7,fly,16:08,1,7,19.75
3,18,20:15,0,0,5w69,9/26/17,32,A7,fly,16:08,1,7,20
3,18,20:30,0,0,5w69,9/26/17,32,A7,fly,16:08,1,7,20.25
3,18,20:45,0,0,5w69,9/26/17,32,A7,fly,16:08,1,7,20.5
3,18,21:00,0,0,5w69,9/26/17,32,A7,fly,16:08,1,7,20.75
3,18,21:15,0,0,5w69,9/26/17,32,A7,fly,16:08,1,7,21
3,18,21:30,0,0,5w69,9/26/17,32,A7,fly,16:08,1,7,21.25
3,18,21:45,0,0,5w69,9/26/17,32,A7,fly,16:08,1,7,21.5
3,18,22:00,0,0,5w69,9/26/17,32,A7,fly,16:08,1,7,21.75
3,18,22:15,0,0,5w69,9/26/17,32,A7,fly,16:08,1,7,22
3,18,22:30,0,0,5w69,9/26/17,32,A7,fly,16:08,1,7,22.25
3,18,22:45,0,0,5w69,9/26/17,32,A7,fly,16:08,1,7,22.5
3,18,23:00,0,0,5w69,9/26/17,32,A7,fly,16:08,1,7,22.75
3,18,23:15,0,0,5w69,9/26/17,32,A7,fly,16:08,1,7,23
3,18,23:30,0,0,5w69,9/26/17,32,A7,fly,16:08,1,7,23.25
3,18,23:45,0,0,5w69,9/26/17,32,A7,fly,16:08,1,7,23.5
3,18,24:00:00,0,0,5w69,9/26/17,32,A7,fly,16:08,1,7,23.75
3,18,NA,0,0,5w69,9/26/17,32,A7,fly,16:08,1,7,24
4,18,0:15,0,0,5w69,9/26/17,32,A7,fly,16:08,1,8,0
4,18,0:30,0,0,5w69,9/26/17,32,A7,fly,16:08,1,8,0.25
4,18,0:45,0,0,5w69,9/26/17,32,A7,fly,16:08,1,8,0.5
4,18,1:00,0,0,5w69,9/26/17,32,A7,fly,16:08,1,8,0.75
4,18,1:15,0,0,5w69,9/26/17,32,A7,fly,16:08,1,8,1
4,18,1:30,0,0,5w69,9/26/17,32,A7,fly,16:08,1,8,1.25
4,18,1:45,0,0,5w69,9/26/17,32,A7,fly,16:08,1,8,1.5
4,18,2:00,0,0,5w69,9/26/17,32,A7,fly,16:08,1,8,1.75
4,18,2:15,0,0,5w69,9/26/17,32,A7,fly,16:08,1,8,2
4,18,2:30,0,0,5w69,9/26/17,32,A7,fly,16:08,1,8,2.25
4,18,2:45,0,0,5w69,9/26/17,32,A7,fly,16:08,1,8,2.5
4,18,3:00,0,0,5w69,9/26/17,32,A7,fly,16:08,1,8,2.75
4,18,3:15,0,0,5w69,9/26/17,32,A7,fly,16:08,1,8,3
4,18,3:30,0,0,5w69,9/26/17,32,A7,fly,16:08,1,8,3.25
4,18,3:45,0,0,5w69,9/26/17,32,A7,fly,16:08,1,8,3.5
4,18,4:00,0,0,5w69,9/26/17,32,A7,fly,16:08,1,8,3.75
4,18,4:15,0,0,5w69,9/26/17,32,A7,fly,16:08,1,8,4
4,18,4:30,0,0,5w69,9/26/17,32,A7,fly,16:08,1,8,4.25
4,18,4:45,0,0,5w69,9/26/17,32,A7,fly,16:08,1,8,4.5
4,18,5:00,0,0,5w69,9/26/17,32,A7,fly,16:08,1,8,4.75
4,18,5:15,0,0,5w69,9/26/17,32,A7,fly,16:08,1,8,5
4,18,5:30,0,0,5w69,9/26/17,32,A7,fly,16:08,1,8,5.25
4,18,5:45,0,0,5w69,9/26/17,32,A7,fly,16:08,1,8,5.5
4,18,6:00,0,0,5w69,9/26/17,32,A7,fly,16:08,1,8,5.75
4,18,6:15,2,0.933333333,5w69,9/26/17,32,A7,fly,16:08,1,8,6
4,18,6:30,7,1,5w69,9/26/17,32,A7,fly,16:08,1,8,6.25
4,18,6:45,19,1,5w69,9/26/17,32,A7,fly,16:08,1,8,6.5
4,18,7:00,19,1,5w69,9/26/17,32,A7,fly,16:08,1,8,6.75
4,18,7:15,17,1,5w69,9/26/17,32,A7,fly,16:08,1,8,7
4,18,7:30,8,1,5w69,9/26/17,32,A7,fly,16:08,1,8,7.25
4,18,7:45,1,1,5w69,9/26/17,32,A7,fly,16:08,1,8,7.5
4,18,8:00,2,1,5w69,9/26/17,32,A7,fly,16:08,1,8,7.75
4,18,8:15,2,1,5w69,9/26/17,32,A7,fly,16:08,1,8,8
4,18,8:30,1,1,5w69,9/26/17,32,A7,fly,16:08,1,8,8.25
4,18,8:45,0,1,5w69,9/26/17,32,A7,fly,16:08,1,8,8.5
4,18,9:00,0,1,5w69,9/26/17,32,A7,fly,16:08,1,8,8.75
4,18,9:15,1,1,5w69,9/26/17,32,A7,fly,16:08,1,8,9
4,18,9:30,15,1,5w69,9/26/17,32,A7,fly,16:08,1,8,9.25
4,18,9:45,1,1,5w69,9/26/17,32,A7,fly,16:08,1,8,9.5
4,18,10:00,2,1,5w69,9/26/17,32,A7,fly,16:08,1,8,9.75
4,18,10:15,0,1,5w69,9/26/17,32,A7,fly,16:08,1,8,10
4,18,10:30,0,1,5w69,9/26/17,32,A7,fly,16:08,1,8,10.25
4,18,10:45,1,1,5w69,9/26/17,32,A7,fly,16:08,1,8,10.5
4,18,11:00,0,1,5w69,9/26/17,32,A7,fly,16:08,1,8,10.75
4,18,11:15,3,1,5w69,9/26/17,32,A7,fly,16:08,1,8,11
4,18,11:30,9,1,5w69,9/26/17,32,A7,fly,16:08,1,8,11.25
4,18,11:45,6,1,5w69,9/26/17,32,A7,fly,16:08,1,8,11.5
4,18,12:00,7,1,5w69,9/26/17,32,A7,fly,16:08,1,8,11.75
4,18,12:15,15,1,5w69,9/26/17,32,A7,fly,16:08,1,8,12
4,18,12:30,22,1,5w69,9/26/17,32,A7,fly,16:08,1,8,12.25
4,18,12:45,13,1,5w69,9/26/17,32,A7,fly,16:08,1,8,12.5
4,18,13:00,26,1,5w69,9/26/17,32,A7,fly,16:08,1,8,12.75
4,18,13:15,3,1,5w69,9/26/17,32,A7,fly,16:08,1,8,13
4,18,13:30,2,1,5w69,9/26/17,32,A7,fly,16:08,1,8,13.25
4,18,13:45,7,1,5w69,9/26/17,32,A7,fly,16:08,1,8,13.5
4,18,14:00,5,1,5w69,9/26/17,32,A7,fly,16:08,1,8,13.75
4,18,14:15,13,1,5w69,9/26/17,32,A7,fly,16:08,1,8,14
4,18,14:30,5,1,5w69,9/26/17,32,A7,fly,16:08,1,8,14.25
4,18,14:45,9,1,5w69,9/26/17,32,A7,fly,16:08,1,8,14.5
4,18,15:00,18,1,5w69,9/26/17,32,A7,fly,16:08,1,8,14.75
4,18,15:15,2,1,5w69,9/26/17,32,A7,fly,16:08,1,8,15
4,18,15:30,5,1,5w69,9/26/17,32,A7,fly,16:08,1,8,15.25
4,18,15:45,6,1,5w69,9/26/17,32,A7,fly,16:08,1,8,15.5
4,18,16:00,18,1,5w69,9/26/17,32,A7,fly,16:08,1,8,15.75
4,18,16:15,8,1,5w69,9/26/17,32,A7,fly,16:08,1,8,16
4,18,16:30,9,1,5w69,9/26/17,32,A7,fly,16:08,1,8,16.25
4,18,16:45,4,1,5w69,9/26/17,32,A7,fly,16:08,1,8,16.5
4,18,17:00,11,1,5w69,9/26/17,32,A7,fly,16:08,1,8,16.75
4,18,17:15,5,1,5w69,9/26/17,32,A7,fly,16:08,1,8,17
4,18,17:30,15,1,5w69,9/26/17,32,A7,fly,16:08,1,8,17.25
4,18,17:45,25,1,5w69,9/26/17,32,A7,fly,16:08,1,8,17.5
4,18,18:00,5,1,5w69,9/26/17,32,A7,fly,16:08,1,8,17.75
4,18,18:15,14,1,5w69,9/26/17,32,A7,fly,16:08,1,8,18
4,18,18:30,3,1,5w69,9/26/17,32,A7,fly,16:08,1,8,18.25
4,18,18:45,15,1,5w69,9/26/17,32,A7,fly,16:08,1,8,18.5
4,18,19:00,16,1,5w69,9/26/17,32,A7,fly,16:08,1,8,18.75
4,18,19:15,7,1,5w69,9/26/17,32,A7,fly,16:08,1,8,19
4,18,19:30,5,1,5w69,9/26/17,32,A7,fly,16:08,1,8,19.25
4,18,19:45,11,1,5w69,9/26/17,32,A7,fly,16:08,1,8,19.5
4,18,20:00,3,0.933333333,5w69,9/26/17,32,A7,fly,16:08,1,8,19.75
4,18,20:15,0,0,5w69,9/26/17,32,A7,fly,16:08,1,8,20
4,18,20:30,0,0,5w69,9/26/17,32,A7,fly,16:08,1,8,20.25
4,18,20:45,0,0,5w69,9/26/17,32,A7,fly,16:08,1,8,20.5
4,18,21:00,0,0,5w69,9/26/17,32,A7,fly,16:08,1,8,20.75
4,18,21:15,0,0,5w69,9/26/17,32,A7,fly,16:08,1,8,21
4,18,21:30,1,0,5w69,9/26/17,32,A7,fly,16:08,1,8,21.25
4,18,21:45,0,0,5w69,9/26/17,32,A7,fly,16:08,1,8,21.5
4,18,22:00,0,0,5w69,9/26/17,32,A7,fly,16:08,1,8,21.75
4,18,22:15,0,0,5w69,9/26/17,32,A7,fly,16:08,1,8,22
4,18,22:30,0,0,5w69,9/26/17,32,A7,fly,16:08,1,8,22.25
4,18,22:45,0,0,5w69,9/26/17,32,A7,fly,16:08,1,8,22.5
4,18,23:00,0,0,5w69,9/26/17,32,A7,fly,16:08,1,8,22.75
4,18,23:15,0,0,5w69,9/26/17,32,A7,fly,16:08,1,8,23
4,18,23:30,0,0,5w69,9/26/17,32,A7,fly,16:08,1,8,23.25
4,18,23:45,0,0,5w69,9/26/17,32,A7,fly,16:08,1,8,23.5
4,18,24:00:00,0,0,5w69,9/26/17,32,A7,fly,16:08,1,8,23.75
4,18,NA,0,0,5w69,9/26/17,32,A7,fly,16:08,1,8,24
27,18,0:15,0,0,5w69,9/26/17,32,A7,fly,16:08,1,1,0
27,18,0:30,0,0,5w69,9/26/17,32,A7,fly,16:08,1,1,0.25
27,18,0:45,12,0,5w69,9/26/17,32,A7,fly,16:08,1,1,0.5
27,18,1:00,0,0,5w69,9/26/17,32,A7,fly,16:08,1,1,0.75
27,18,1:15,0,0,5w69,9/26/17,32,A7,fly,16:08,1,1,1
27,18,1:30,0,0,5w69,9/26/17,32,A7,fly,16:08,1,1,1.25
27,18,1:45,0,0,5w69,9/26/17,32,A7,fly,16:08,1,1,1.5
27,18,2:00,0,0,5w69,9/26/17,32,A7,fly,16:08,1,1,1.75
27,18,2:15,0,0,5w69,9/26/17,32,A7,fly,16:08,1,1,2
27,18,2:30,1,0,5w69,9/26/17,32,A7,fly,16:08,1,1,2.25
27,18,2:45,4,0,5w69,9/26/17,32,A7,fly,16:08,1,1,2.5
27,18,3:00,0,0,5w69,9/26/17,32,A7,fly,16:08,1,1,2.75
27,18,3:15,0,0,5w69,9/26/17,32,A7,fly,16:08,1,1,3
27,18,3:30,0,0,5w69,9/26/17,32,A7,fly,16:08,1,1,3.25
27,18,3:45,0,0,5w69,9/26/17,32,A7,fly,16:08,1,1,3.5
27,18,4:00,0,0,5w69,9/26/17,32,A7,fly,16:08,1,1,3.75
27,18,4:15,0,0,5w69,9/26/17,32,A7,fly,16:08,1,1,4
27,18,4:30,0,0,5w69,9/26/17,32,A7,fly,16:08,1,1,4.25
27,18,4:45,0,0,5w69,9/26/17,32,A7,fly,16:08,1,1,4.5
27,18,5:00,0,0,5w69,9/26/17,32,A7,fly,16:08,1,1,4.75
27,18,5:15,0,0,5w69,9/26/17,32,A7,fly,16:08,1,1,5
27,18,5:30,0,0,5w69,9/26/17,32,A7,fly,16:08,1,1,5.25
27,18,5:45,0,0,5w69,9/26/17,32,A7,fly,16:08,1,1,5.5
27,18,6:00,0,0,5w69,9/26/17,32,A7,fly,16:08,1,1,5.75
27,18,6:15,0,1,5w69,9/26/17,32,A7,fly,16:08,1,1,6
27,18,6:30,33,1,5w69,9/26/17,32,A7,fly,16:08,1,1,6.25
27,18,6:45,23,1,5w69,9/26/17,32,A7,fly,16:08,1,1,6.5
27,18,7:00,1,1,5w69,9/26/17,32,A7,fly,16:08,1,1,6.75
27,18,7:15,0,1,5w69,9/26/17,32,A7,fly,16:08,1,1,7
27,18,7:30,0,1,5w69,9/26/17,32,A7,fly,16:08,1,1,7.25
27,18,7:45,0,1,5w69,9/26/17,32,A7,fly,16:08,1,1,7.5
27,18,8:00,0,1,5w69,9/26/17,32,A7,fly,16:08,1,1,7.75
27,18,8:15,9,1,5w69,9/26/17,32,A7,fly,16:08,1,1,8
27,18,8:30,24,1,5w69,9/26/17,32,A7,fly,16:08,1,1,8.25
27,18,8:45,5,1,5w69,9/26/17,32,A7,fly,16:08,1,1,8.5
27,18,9:00,0,1,5w69,9/26/17,32,A7,fly,16:08,1,1,8.75
27,18,9:15,0,1,5w69,9/26/17,32,A7,fly,16:08,1,1,9
27,18,9:30,8,1,5w69,9/26/17,32,A7,fly,16:08,1,1,9.25
27,18,9:45,12,1,5w69,9/26/17,32,A7,fly,16:08,1,1,9.5
27,18,10:00,4,1,5w69,9/26/17,32,A7,fly,16:08,1,1,9.75
27,18,10:15,14,1,5w69,9/26/17,32,A7,fly,16:08,1,1,10
27,18,10:30,0,1,5w69,9/26/17,32,A7,fly,16:08,1,1,10.25
27,18,10:45,0,1,5w69,9/26/17,32,A7,fly,16:08,1,1,10.5
27,18,11:00,0,1,5w69,9/26/17,32,A7,fly,16:08,1,1,10.75
27,18,11:15,0,1,5w69,9/26/17,32,A7,fly,16:08,1,1,11
27,18,11:30,0,1,5w69,9/26/17,32,A7,fly,16:08,1,1,11.25
27,18,11:45,0,1,5w69,9/26/17,32,A7,fly,16:08,1,1,11.5
27,18,12:00,0,1,5w69,9/26/17,32,A7,fly,16:08,1,1,11.75
27,18,12:15,0,1,5w69,9/26/17,32,A7,fly,16:08,1,1,12
27,18,12:30,0,1,5w69,9/26/17,32,A7,fly,16:08,1,1,12.25
27,18,12:45,0,1,5w69,9/26/17,32,A7,fly,16:08,1,1,12.5
27,18,13:00,0,1,5w69,9/26/17,32,A7,fly,16:08,1,1,12.75
27,18,13:15,0,1,5w69,9/26/17,32,A7,fly,16:08,1,1,13
27,18,13:30,0,1,5w69,9/26/17,32,A7,fly,16:08,1,1,13.25
27,18,13:45,0,1,5w69,9/26/17,32,A7,fly,16:08,1,1,13.5
27,18,14:00,7,1,5w69,9/26/17,32,A7,fly,16:08,1,1,13.75
27,18,14:15,21,1,5w69,9/26/17,32,A7,fly,16:08,1,1,14
27,18,14:30,24,1,5w69,9/26/17,32,A7,fly,16:08,1,1,14.25
27,18,14:45,0,1,5w69,9/26/17,32,A7,fly,16:08,1,1,14.5
27,18,15:00,0,1,5w69,9/26/17,32,A7,fly,16:08,1,1,14.75
27,18,15:15,0,1,5w69,9/26/17,32,A7,fly,16:08,1,1,15
27,18,15:30,0,1,5w69,9/26/17,32,A7,fly,16:08,1,1,15.25
27,18,15:45,17,1,5w69,9/26/17,32,A7,fly,16:08,1,1,15.5
27,18,16:00,36,1,5w69,9/26/17,32,A7,fly,16:08,1,1,15.75
27,18,16:15,19,1,5w69,9/26/17,32,A7,fly,16:08,1,1,16
27,18,16:30,17,1,5w69,9/26/17,32,A7,fly,16:08,1,1,16.25
27,18,16:45,29,1,5w69,9/26/17,32,A7,fly,16:08,1,1,16.5
27,18,17:00,26,1,5w69,9/26/17,32,A7,fly,16:08,1,1,16.75
27,18,17:15,16,1,5w69,9/26/17,32,A7,fly,16:08,1,1,17
27,18,17:30,23,1,5w69,9/26/17,32,A7,fly,16:08,1,1,17.25
27,18,17:45,18,1,5w69,9/26/17,32,A7,fly,16:08,1,1,17.5
27,18,18:00,19,1,5w69,9/26/17,32,A7,fly,16:08,1,1,17.75
27,18,18:15,19,1,5w69,9/26/17,32,A7,fly,16:08,1,1,18
27,18,18:30,18,1,5w69,9/26/17,32,A7,fly,16:08,1,1,18.25
27,18,18:45,25,1,5w69,9/26/17,32,A7,fly,16:08,1,1,18.5
27,18,19:00,23,1,5w69,9/26/17,32,A7,fly,16:08,1,1,18.75
27,18,19:15,24,1,5w69,9/26/17,32,A7,fly,16:08,1,1,19
27,18,19:30,39,1,5w69,9/26/17,32,A7,fly,16:08,1,1,19.25
27,18,19:45,22,1,5w69,9/26/17,32,A7,fly,16:08,1,1,19.5
27,18,20:00,21,0.933333333,5w69,9/26/17,32,A7,fly,16:08,1,1,19.75
27,18,20:15,1,0,5w69,9/26/17,32,A7,fly,16:08,1,1,20
27,18,20:30,0,0,5w69,9/26/17,32,A7,fly,16:08,1,1,20.25
27,18,20:45,1,0,5w69,9/26/17,32,A7,fly,16:08,1,1,20.5
27,18,21:00,0,0,5w69,9/26/17,32,A7,fly,16:08,1,1,20.75
27,18,21:15,0,0,5w69,9/26/17,32,A7,fly,16:08,1,1,21
27,18,21:30,0,0,5w69,9/26/17,32,A7,fly,16:08,1,1,21.25
27,18,21:45,0,0,5w69,9/26/17,32,A7,fly,16:08,1,1,21.5
27,18,22:00,0,0,5w69,9/26/17,32,A7,fly,16:08,1,1,21.75
27,18,22:15,0,0,5w69,9/26/17,32,A7,fly,16:08,1,1,22
27,18,22:30,0,0,5w69,9/26/17,32,A7,fly,16:08,1,1,22.25
27,18,22:45,0,0,5w69,9/26/17,32,A7,fly,16:08,1,1,22.5
27,18,23:00,0,0,5w69,9/26/17,32,A7,fly,16:08,1,1,22.75
27,18,23:15,4,0,5w69,9/26/17,32,A7,fly,16:08,1,1,23
27,18,23:30,0,0,5w69,9/26/17,32,A7,fly,16:08,1,1,23.25
27,18,23:45,0,0,5w69,9/26/17,32,A7,fly,16:08,1,1,23.5
27,18,24:00:00,0,0,5w69,9/26/17,32,A7,fly,16:08,1,1,23.75
27,18,NA,0,0,5w69,9/26/17,32,A7,fly,16:08,1,1,24
28,18,0:15,0,0,5w69,9/26/17,32,A7,fly,16:08,1,2,0
28,18,0:30,0,0,5w69,9/26/17,32,A7,fly,16:08,1,2,0.25
28,18,0:45,0,0,5w69,9/26/17,32,A7,fly,16:08,1,2,0.5
28,18,1:00,0,0,5w69,9/26/17,32,A7,fly,16:08,1,2,0.75
28,18,1:15,0,0,5w69,9/26/17,32,A7,fly,16:08,1,2,1
28,18,1:30,0,0,5w69,9/26/17,32,A7,fly,16:08,1,2,1.25
28,18,1:45,0,0,5w69,9/26/17,32,A7,fly,16:08,1,2,1.5
28,18,2:00,0,0,5w69,9/26/17,32,A7,fly,16:08,1,2,1.75
28,18,2:15,0,0,5w69,9/26/17,32,A7,fly,16:08,1,2,2
28,18,2:30,0,0,5w69,9/26/17,32,A7,fly,16:08,1,2,2.25
28,18,2:45,0,0,5w69,9/26/17,32,A7,fly,16:08,1,2,2.5
28,18,3:00,0,0,5w69,9/26/17,32,A7,fly,16:08,1,2,2.75
28,18,3:15,0,0,5w69,9/26/17,32,A7,fly,16:08,1,2,3
28,18,3:30,0,0,5w69,9/26/17,32,A7,fly,16:08,1,2,3.25
28,18,3:45,0,0,5w69,9/26/17,32,A7,fly,16:08,1,2,3.5
28,18,4:00,0,0,5w69,9/26/17,32,A7,fly,16:08,1,2,3.75
28,18,4:15,0,0,5w69,9/26/17,32,A7,fly,16:08,1,2,4
28,18,4:30,0,0,5w69,9/26/17,32,A7,fly,16:08,1,2,4.25
28,18,4:45,0,0,5w69,9/26/17,32,A7,fly,16:08,1,2,4.5
28,18,5:00,0,0,5w69,9/26/17,32,A7,fly,16:08,1,2,4.75
28,18,5:15,0,0,5w69,9/26/17,32,A7,fly,16:08,1,2,5
28,18,5:30,0,0,5w69,9/26/17,32,A7,fly,16:08,1,2,5.25
28,18,5:45,0,0,5w69,9/26/17,32,A7,fly,16:08,1,2,5.5
28,18,6:00,0,0,5w69,9/26/17,32,A7,fly,16:08,1,2,5.75
28,18,6:15,7,0.933333333,5w69,9/26/17,32,A7,fly,16:08,1,2,6
28,18,6:30,25,1,5w69,9/26/17,32,A7,fly,16:08,1,2,6.25
28,18,6:45,24,1,5w69,9/26/17,32,A7,fly,16:08,1,2,6.5
28,18,7:00,8,1,5w69,9/26/17,32,A7,fly,16:08,1,2,6.75
28,18,7:15,17,1,5w69,9/26/17,32,A7,fly,16:08,1,2,7
28,18,7:30,11,1,5w69,9/26/17,32,A7,fly,16:08,1,2,7.25
28,18,7:45,24,1,5w69,9/26/17,32,A7,fly,16:08,1,2,7.5
28,18,8:00,7,1,5w69,9/26/17,32,A7,fly,16:08,1,2,7.75
28,18,8:15,0,1,5w69,9/26/17,32,A7,fly,16:08,1,2,8
28,18,8:30,0,1,5w69,9/26/17,32,A7,fly,16:08,1,2,8.25
28,18,8:45,1,1,5w69,9/26/17,32,A7,fly,16:08,1,2,8.5
28,18,9:00,0,1,5w69,9/26/17,32,A7,fly,16:08,1,2,8.75
28,18,9:15,0,1,5w69,9/26/17,32,A7,fly,16:08,1,2,9
28,18,9:30,0,1,5w69,9/26/17,32,A7,fly,16:08,1,2,9.25
28,18,9:45,7,1,5w69,9/26/17,32,A7,fly,16:08,1,2,9.5
28,18,10:00,13,1,5w69,9/26/17,32,A7,fly,16:08,1,2,9.75
28,18,10:15,0,1,5w69,9/26/17,32,A7,fly,16:08,1,2,10
28,18,10:30,0,1,5w69,9/26/17,32,A7,fly,16:08,1,2,10.25
28,18,10:45,0,1,5w69,9/26/17,32,A7,fly,16:08,1,2,10.5
28,18,11:00,0,1,5w69,9/26/17,32,A7,fly,16:08,1,2,10.75
28,18,11:15,3,1,5w69,9/26/17,32,A7,fly,16:08,1,2,11
28,18,11:30,8,1,5w69,9/26/17,32,A7,fly,16:08,1,2,11.25
28,18,11:45,0,1,5w69,9/26/17,32,A7,fly,16:08,1,2,11.5
28,18,12:00,0,1,5w69,9/26/17,32,A7,fly,16:08,1,2,11.75
28,18,12:15,0,1,5w69,9/26/17,32,A7,fly,16:08,1,2,12
28,18,12:30,0,1,5w69,9/26/17,32,A7,fly,16:08,1,2,12.25
28,18,12:45,0,1,5w69,9/26/17,32,A7,fly,16:08,1,2,12.5
28,18,13:00,0,1,5w69,9/26/17,32,A7,fly,16:08,1,2,12.75
28,18,13:15,9,1,5w69,9/26/17,32,A7,fly,16:08,1,2,13
28,18,13:30,31,1,5w69,9/26/17,32,A7,fly,16:08,1,2,13.25
28,18,13:45,5,1,5w69,9/26/17,32,A7,fly,16:08,1,2,13.5
28,18,14:00,8,1,5w69,9/26/17,32,A7,fly,16:08,1,2,13.75
28,18,14:15,8,1,5w69,9/26/17,32,A7,fly,16:08,1,2,14
28,18,14:30,13,1,5w69,9/26/17,32,A7,fly,16:08,1,2,14.25
28,18,14:45,1,1,5w69,9/26/17,32,A7,fly,16:08,1,2,14.5
28,18,15:00,11,1,5w69,9/26/17,32,A7,fly,16:08,1,2,14.75
28,18,15:15,11,1,5w69,9/26/17,32,A7,fly,16:08,1,2,15
28,18,15:30,4,1,5w69,9/26/17,32,A7,fly,16:08,1,2,15.25
28,18,15:45,15,1,5w69,9/26/17,32,A7,fly,16:08,1,2,15.5
28,18,16:00,20,1,5w69,9/26/17,32,A7,fly,16:08,1,2,15.75
28,18,16:15,6,1,5w69,9/26/17,32,A7,fly,16:08,1,2,16
28,18,16:30,29,1,5w69,9/26/17,32,A7,fly,16:08,1,2,16.25
28,18,16:45,13,1,5w69,9/26/17,32,A7,fly,16:08,1,2,16.5
28,18,17:00,15,1,5w69,9/26/17,32,A7,fly,16:08,1,2,16.75
28,18,17:15,10,1,5w69,9/26/17,32,A7,fly,16:08,1,2,17
28,18,17:30,21,1,5w69,9/26/17,32,A7,fly,16:08,1,2,17.25
28,18,17:45,7,1,5w69,9/26/17,32,A7,fly,16:08,1,2,17.5
28,18,18:00,11,1,5w69,9/26/17,32,A7,fly,16:08,1,2,17.75
28,18,18:15,9,1,5w69,9/26/17,32,A7,fly,16:08,1,2,18
28,18,18:30,13,1,5w69,9/26/17,32,A7,fly,16:08,1,2,18.25
28,18,18:45,7,1,5w69,9/26/17,32,A7,fly,16:08,1,2,18.5
28,18,19:00,12,1,5w69,9/26/17,32,A7,fly,16:08,1,2,18.75
28,18,19:15,0,1,5w69,9/26/17,32,A7,fly,16:08,1,2,19
28,18,19:30,13,1,5w69,9/26/17,32,A7,fly,16:08,1,2,19.25
28,18,19:45,15,1,5w69,9/26/17,32,A7,fly,16:08,1,2,19.5
28,18,20:00,28,1,5w69,9/26/17,32,A7,fly,16:08,1,2,19.75
28,18,20:15,0,0,5w69,9/26/17,32,A7,fly,16:08,1,2,20
28,18,20:30,0,0,5w69,9/26/17,32,A7,fly,16:08,1,2,20.25
28,18,20:45,0,0,5w69,9/26/17,32,A7,fly,16:08,1,2,20.5
28,18,21:00,0,0,5w69,9/26/17,32,A7,fly,16:08,1,2,20.75
28,18,21:15,0,0,5w69,9/26/17,32,A7,fly,16:08,1,2,21
28,18,21:30,0,0,5w69,9/26/17,32,A7,fly,16:08,1,2,21.25
28,18,21:45,2,0,5w69,9/26/17,32,A7,fly,16:08,1,2,21.5
28,18,22:00,0,0,5w69,9/26/17,32,A7,fly,16:08,1,2,21.75
28,18,22:15,0,0,5w69,9/26/17,32,A7,fly,16:08,1,2,22
28,18,22:30,0,0,5w69,9/26/17,32,A7,fly,16:08,1,2,22.25
28,18,22:45,0,0,5w69,9/26/17,32,A7,fly,16:08,1,2,22.5
28,18,23:00,0,0,5w69,9/26/17,32,A7,fly,16:08,1,2,22.75
28,18,23:15,0,0,5w69,9/26/17,32,A7,fly,16:08,1,2,23
28,18,23:30,0,0,5w69,9/26/17,32,A7,fly,16:08,1,2,23.25
28,18,23:45,0,0,5w69,9/26/17,32,A7,fly,16:08,1,2,23.5
28,18,24:00:00,0,0,5w69,9/26/17,32,A7,fly,16:08,1,2,23.75
28,18,NA,0,0,5w69,9/26/17,32,A7,fly,16:08,1,2,24
29,18,0:15,0,0,5w69,9/26/17,32,A7,fly,16:08,1,3,0
29,18,0:30,0,0,5w69,9/26/17,32,A7,fly,16:08,1,3,0.25
29,18,0:45,0,0,5w69,9/26/17,32,A7,fly,16:08,1,3,0.5
29,18,1:00,0,0,5w69,9/26/17,32,A7,fly,16:08,1,3,0.75
29,18,1:15,0,0,5w69,9/26/17,32,A7,fly,16:08,1,3,1
29,18,1:30,0,0,5w69,9/26/17,32,A7,fly,16:08,1,3,1.25
29,18,1:45,0,0,5w69,9/26/17,32,A7,fly,16:08,1,3,1.5
29,18,2:00,0,0,5w69,9/26/17,32,A7,fly,16:08,1,3,1.75
29,18,2:15,0,0,5w69,9/26/17,32,A7,fly,16:08,1,3,2
29,18,2:30,0,0,5w69,9/26/17,32,A7,fly,16:08,1,3,2.25
29,18,2:45,0,0,5w69,9/26/17,32,A7,fly,16:08,1,3,2.5
29,18,3:00,0,0,5w69,9/26/17,32,A7,fly,16:08,1,3,2.75
29,18,3:15,0,0,5w69,9/26/17,32,A7,fly,16:08,1,3,3
29,18,3:30,0,0,5w69,9/26/17,32,A7,fly,16:08,1,3,3.25
29,18,3:45,0,0,5w69,9/26/17,32,A7,fly,16:08,1,3,3.5
29,18,4:00,0,0,5w69,9/26/17,32,A7,fly,16:08,1,3,3.75
29,18,4:15,0,0,5w69,9/26/17,32,A7,fly,16:08,1,3,4
29,18,4:30,0,0,5w69,9/26/17,32,A7,fly,16:08,1,3,4.25
29,18,4:45,0,0,5w69,9/26/17,32,A7,fly,16:08,1,3,4.5
29,18,5:00,0,0,5w69,9/26/17,32,A7,fly,16:08,1,3,4.75
29,18,5:15,0,0,5w69,9/26/17,32,A7,fly,16:08,1,3,5
29,18,5:30,0,0,5w69,9/26/17,32,A7,fly,16:08,1,3,5.25
29,18,5:45,0,0,5w69,9/26/17,32,A7,fly,16:08,1,3,5.5
29,18,6:00,0,0,5w69,9/26/17,32,A7,fly,16:08,1,3,5.75
29,18,6:15,2,1,5w69,9/26/17,32,A7,fly,16:08,1,3,6
29,18,6:30,22,1,5w69,9/26/17,32,A7,fly,16:08,1,3,6.25
29,18,6:45,12,1,5w69,9/26/17,32,A7,fly,16:08,1,3,6.5
29,18,7:00,10,1,5w69,9/26/17,32,A7,fly,16:08,1,3,6.75
29,18,7:15,11,1,5w69,9/26/17,32,A7,fly,16:08,1,3,7
29,18,7:30,10,1,5w69,9/26/17,32,A7,fly,16:08,1,3,7.25
29,18,7:45,15,1,5w69,9/26/17,32,A7,fly,16:08,1,3,7.5
29,18,8:00,6,1,5w69,9/26/17,32,A7,fly,16:08,1,3,7.75
29,18,8:15,14,1,5w69,9/26/17,32,A7,fly,16:08,1,3,8
29,18,8:30,0,1,5w69,9/26/17,32,A7,fly,16:08,1,3,8.25
29,18,8:45,2,1,5w69,9/26/17,32,A7,fly,16:08,1,3,8.5
29,18,9:00,9,1,5w69,9/26/17,32,A7,fly,16:08,1,3,8.75
29,18,9:15,2,1,5w69,9/26/17,32,A7,fly,16:08,1,3,9
29,18,9:30,0,1,5w69,9/26/17,32,A7,fly,16:08,1,3,9.25
29,18,9:45,0,1,5w69,9/26/17,32,A7,fly,16:08,1,3,9.5
29,18,10:00,3,1,5w69,9/26/17,32,A7,fly,16:08,1,3,9.75
29,18,10:15,2,1,5w69,9/26/17,32,A7,fly,16:08,1,3,10
29,18,10:30,0,1,5w69,9/26/17,32,A7,fly,16:08,1,3,10.25
29,18,10:45,0,1,5w69,9/26/17,32,A7,fly,16:08,1,3,10.5
29,18,11:00,6,1,5w69,9/26/17,32,A7,fly,16:08,1,3,10.75
29,18,11:15,5,1,5w69,9/26/17,32,A7,fly,16:08,1,3,11
29,18,11:30,1,1,5w69,9/26/17,32,A7,fly,16:08,1,3,11.25
29,18,11:45,0,1,5w69,9/26/17,32,A7,fly,16:08,1,3,11.5
29,18,12:00,0,1,5w69,9/26/17,32,A7,fly,16:08,1,3,11.75
29,18,12:15,0,1,5w69,9/26/17,32,A7,fly,16:08,1,3,12
29,18,12:30,8,1,5w69,9/26/17,32,A7,fly,16:08,1,3,12.25
29,18,12:45,10,1,5w69,9/26/17,32,A7,fly,16:08,1,3,12.5
29,18,13:00,10,1,5w69,9/26/17,32,A7,fly,16:08,1,3,12.75
29,18,13:15,13,1,5w69,9/26/17,32,A7,fly,16:08,1,3,13
29,18,13:30,34,1,5w69,9/26/17,32,A7,fly,16:08,1,3,13.25
29,18,13:45,22,1,5w69,9/26/17,32,A7,fly,16:08,1,3,13.5
29,18,14:00,11,1,5w69,9/26/17,32,A7,fly,16:08,1,3,13.75
29,18,14:15,0,1,5w69,9/26/17,32,A7,fly,16:08,1,3,14
29,18,14:30,2,1,5w69,9/26/17,32,A7,fly,16:08,1,3,14.25
29,18,14:45,15,1,5w69,9/26/17,32,A7,fly,16:08,1,3,14.5
29,18,15:00,13,1,5w69,9/26/17,32,A7,fly,16:08,1,3,14.75
29,18,15:15,10,1,5w69,9/26/17,32,A7,fly,16:08,1,3,15
29,18,15:30,0,1,5w69,9/26/17,32,A7,fly,16:08,1,3,15.25
29,18,15:45,6,1,5w69,9/26/17,32,A7,fly,16:08,1,3,15.5
29,18,16:00,11,1,5w69,9/26/17,32,A7,fly,16:08,1,3,15.75
29,18,16:15,75,1,5w69,9/26/17,32,A7,fly,16:08,1,3,16
29,18,16:30,14,1,5w69,9/26/17,32,A7,fly,16:08,1,3,16.25
29,18,16:45,34,1,5w69,9/26/17,32,A7,fly,16:08,1,3,16.5
29,18,17:00,5,1,5w69,9/26/17,32,A7,fly,16:08,1,3,16.75
29,18,17:15,6,1,5w69,9/26/17,32,A7,fly,16:08,1,3,17
29,18,17:30,17,1,5w69,9/26/17,32,A7,fly,16:08,1,3,17.25
29,18,17:45,34,1,5w69,9/26/17,32,A7,fly,16:08,1,3,17.5
29,18,18:00,48,1,5w69,9/26/17,32,A7,fly,16:08,1,3,17.75
29,18,18:15,13,1,5w69,9/26/17,32,A7,fly,16:08,1,3,18
29,18,18:30,20,1,5w69,9/26/17,32,A7,fly,16:08,1,3,18.25
29,18,18:45,22,1,5w69,9/26/17,32,A7,fly,16:08,1,3,18.5
29,18,19:00,7,1,5w69,9/26/17,32,A7,fly,16:08,1,3,18.75
29,18,19:15,19,1,5w69,9/26/17,32,A7,fly,16:08,1,3,19
29,18,19:30,15,1,5w69,9/26/17,32,A7,fly,16:08,1,3,19.25
29,18,19:45,4,1,5w69,9/26/17,32,A7,fly,16:08,1,3,19.5
29,18,20:00,32,0.933333333,5w69,9/26/17,32,A7,fly,16:08,1,3,19.75
29,18,20:15,4,0,5w69,9/26/17,32,A7,fly,16:08,1,3,20
29,18,20:30,1,0,5w69,9/26/17,32,A7,fly,16:08,1,3,20.25
29,18,20:45,0,0,5w69,9/26/17,32,A7,fly,16:08,1,3,20.5
29,18,21:00,1,0,5w69,9/26/17,32,A7,fly,16:08,1,3,20.75
29,18,21:15,0,0,5w69,9/26/17,32,A7,fly,16:08,1,3,21
29,18,21:30,6,0,5w69,9/26/17,32,A7,fly,16:08,1,3,21.25
29,18,21:45,0,0,5w69,9/26/17,32,A7,fly,16:08,1,3,21.5
29,18,22:00,0,0,5w69,9/26/17,32,A7,fly,16:08,1,3,21.75
29,18,22:15,0,0,5w69,9/26/17,32,A7,fly,16:08,1,3,22
29,18,22:30,0,0,5w69,9/26/17,32,A7,fly,16:08,1,3,22.25
29,18,22:45,0,0,5w69,9/26/17,32,A7,fly,16:08,1,3,22.5
29,18,23:00,0,0,5w69,9/26/17,32,A7,fly,16:08,1,3,22.75
29,18,23:15,0,0,5w69,9/26/17,32,A7,fly,16:08,1,3,23
29,18,23:30,0,0,5w69,9/26/17,32,A7,fly,16:08,1,3,23.25
29,18,23:45,0,0,5w69,9/26/17,32,A7,fly,16:08,1,3,23.5
29,18,24:00:00,0,0,5w69,9/26/17,32,A7,fly,16:08,1,3,23.75
29,18,NA,0,0,5w69,9/26/17,32,A7,fly,16:08,1,3,24
30,18,0:15,0,0,5w69,9/26/17,32,A7,fly,16:08,1,4,0
30,18,0:30,0,0,5w69,9/26/17,32,A7,fly,16:08,1,4,0.25
30,18,0:45,0,0,5w69,9/26/17,32,A7,fly,16:08,1,4,0.5
30,18,1:00,0,0,5w69,9/26/17,32,A7,fly,16:08,1,4,0.75
30,18,1:15,0,0,5w69,9/26/17,32,A7,fly,16:08,1,4,1
30,18,1:30,0,0,5w69,9/26/17,32,A7,fly,16:08,1,4,1.25
30,18,1:45,0,0,5w69,9/26/17,32,A7,fly,16:08,1,4,1.5
30,18,2:00,0,0,5w69,9/26/17,32,A7,fly,16:08,1,4,1.75
30,18,2:15,0,0,5w69,9/26/17,32,A7,fly,16:08,1,4,2
30,18,2:30,0,0,5w69,9/26/17,32,A7,fly,16:08,1,4,2.25
30,18,2:45,0,0,5w69,9/26/17,32,A7,fly,16:08,1,4,2.5
30,18,3:00,0,0,5w69,9/26/17,32,A7,fly,16:08,1,4,2.75
30,18,3:15,0,0,5w69,9/26/17,32,A7,fly,16:08,1,4,3
30,18,3:30,0,0,5w69,9/26/17,32,A7,fly,16:08,1,4,3.25
30,18,3:45,0,0,5w69,9/26/17,32,A7,fly,16:08,1,4,3.5
30,18,4:00,0,0,5w69,9/26/17,32,A7,fly,16:08,1,4,3.75
30,18,4:15,0,0,5w69,9/26/17,32,A7,fly,16:08,1,4,4
30,18,4:30,0,0,5w69,9/26/17,32,A7,fly,16:08,1,4,4.25
30,18,4:45,0,0,5w69,9/26/17,32,A7,fly,16:08,1,4,4.5
30,18,5:00,0,0,5w69,9/26/17,32,A7,fly,16:08,1,4,4.75
30,18,5:15,1,0,5w69,9/26/17,32,A7,fly,16:08,1,4,5
30,18,5:30,0,0,5w69,9/26/17,32,A7,fly,16:08,1,4,5.25
30,18,5:45,0,0,5w69,9/26/17,32,A7,fly,16:08,1,4,5.5
30,18,6:00,0,0,5w69,9/26/17,32,A7,fly,16:08,1,4,5.75
30,18,6:15,4,1,5w69,9/26/17,32,A7,fly,16:08,1,4,6
30,18,6:30,20,1,5w69,9/26/17,32,A7,fly,16:08,1,4,6.25
30,18,6:45,13,1,5w69,9/26/17,32,A7,fly,16:08,1,4,6.5
30,18,7:00,15,1,5w69,9/26/17,32,A7,fly,16:08,1,4,6.75
30,18,7:15,10,1,5w69,9/26/17,32,A7,fly,16:08,1,4,7
30,18,7:30,9,1,5w69,9/26/17,32,A7,fly,16:08,1,4,7.25
30,18,7:45,10,1,5w69,9/26/17,32,A7,fly,16:08,1,4,7.5
30,18,8:00,4,1,5w69,9/26/17,32,A7,fly,16:08,1,4,7.75
30,18,8:15,10,1,5w69,9/26/17,32,A7,fly,16:08,1,4,8
30,18,8:30,2,1,5w69,9/26/17,32,A7,fly,16:08,1,4,8.25
30,18,8:45,14,1,5w69,9/26/17,32,A7,fly,16:08,1,4,8.5
30,18,9:00,4,1,5w69,9/26/17,32,A7,fly,16:08,1,4,8.75
30,18,9:15,15,1,5w69,9/26/17,32,A7,fly,16:08,1,4,9
30,18,9:30,10,1,5w69,9/26/17,32,A7,fly,16:08,1,4,9.25
30,18,9:45,9,1,5w69,9/26/17,32,A7,fly,16:08,1,4,9.5
30,18,10:00,9,1,5w69,9/26/17,32,A7,fly,16:08,1,4,9.75
30,18,10:15,0,1,5w69,9/26/17,32,A7,fly,16:08,1,4,10
30,18,10:30,0,1,5w69,9/26/17,32,A7,fly,16:08,1,4,10.25
30,18,10:45,0,1,5w69,9/26/17,32,A7,fly,16:08,1,4,10.5
30,18,11:00,0,1,5w69,9/26/17,32,A7,fly,16:08,1,4,10.75
30,18,11:15,0,1,5w69,9/26/17,32,A7,fly,16:08,1,4,11
30,18,11:30,0,1,5w69,9/26/17,32,A7,fly,16:08,1,4,11.25
30,18,11:45,6,1,5w69,9/26/17,32,A7,fly,16:08,1,4,11.5
30,18,12:00,13,1,5w69,9/26/17,32,A7,fly,16:08,1,4,11.75
30,18,12:15,1,1,5w69,9/26/17,32,A7,fly,16:08,1,4,12
30,18,12:30,0,1,5w69,9/26/17,32,A7,fly,16:08,1,4,12.25
30,18,12:45,0,1,5w69,9/26/17,32,A7,fly,16:08,1,4,12.5
30,18,13:00,3,1,5w69,9/26/17,32,A7,fly,16:08,1,4,12.75
30,18,13:15,18,1,5w69,9/26/17,32,A7,fly,16:08,1,4,13
30,18,13:30,1,1,5w69,9/26/17,32,A7,fly,16:08,1,4,13.25
30,18,13:45,19,1,5w69,9/26/17,32,A7,fly,16:08,1,4,13.5
30,18,14:00,18,1,5w69,9/26/17,32,A7,fly,16:08,1,4,13.75
30,18,14:15,1,1,5w69,9/26/17,32,A7,fly,16:08,1,4,14
30,18,14:30,2,1,5w69,9/26/17,32,A7,fly,16:08,1,4,14.25
30,18,14:45,18,1,5w69,9/26/17,32,A7,fly,16:08,1,4,14.5
30,18,15:00,15,1,5w69,9/26/17,32,A7,fly,16:08,1,4,14.75
30,18,15:15,9,1,5w69,9/26/17,32,A7,fly,16:08,1,4,15
30,18,15:30,20,1,5w69,9/26/17,32,A7,fly,16:08,1,4,15.25
30,18,15:45,20,1,5w69,9/26/17,32,A7,fly,16:08,1,4,15.5
30,18,16:00,10,1,5w69,9/26/17,32,A7,fly,16:08,1,4,15.75
30,18,16:15,14,1,5w69,9/26/17,32,A7,fly,16:08,1,4,16
30,18,16:30,28,1,5w69,9/26/17,32,A7,fly,16:08,1,4,16.25
30,18,16:45,10,1,5w69,9/26/17,32,A7,fly,16:08,1,4,16.5
30,18,17:00,14,1,5w69,9/26/17,32,A7,fly,16:08,1,4,16.75
30,18,17:15,27,1,5w69,9/26/17,32,A7,fly,16:08,1,4,17
30,18,17:30,9,1,5w69,9/26/17,32,A7,fly,16:08,1,4,17.25
30,18,17:45,19,1,5w69,9/26/17,32,A7,fly,16:08,1,4,17.5
30,18,18:00,19,1,5w69,9/26/17,32,A7,fly,16:08,1,4,17.75
30,18,18:15,18,1,5w69,9/26/17,32,A7,fly,16:08,1,4,18
30,18,18:30,22,1,5w69,9/26/17,32,A7,fly,16:08,1,4,18.25
30,18,18:45,10,1,5w69,9/26/17,32,A7,fly,16:08,1,4,18.5
30,18,19:00,15,1,5w69,9/26/17,32,A7,fly,16:08,1,4,18.75
30,18,19:15,27,1,5w69,9/26/17,32,A7,fly,16:08,1,4,19
30,18,19:30,41,1,5w69,9/26/17,32,A7,fly,16:08,1,4,19.25
30,18,19:45,28,1,5w69,9/26/17,32,A7,fly,16:08,1,4,19.5
30,18,20:00,13,0.933333333,5w69,9/26/17,32,A7,fly,16:08,1,4,19.75
30,18,20:15,1,0,5w69,9/26/17,32,A7,fly,16:08,1,4,20
30,18,20:30,0,0,5w69,9/26/17,32,A7,fly,16:08,1,4,20.25
30,18,20:45,0,0,5w69,9/26/17,32,A7,fly,16:08,1,4,20.5
30,18,21:00,0,0,5w69,9/26/17,32,A7,fly,16:08,1,4,20.75
30,18,21:15,0,0,5w69,9/26/17,32,A7,fly,16:08,1,4,21
30,18,21:30,0,0,5w69,9/26/17,32,A7,fly,16:08,1,4,21.25
30,18,21:45,0,0,5w69,9/26/17,32,A7,fly,16:08,1,4,21.5
30,18,22:00,0,0,5w69,9/26/17,32,A7,fly,16:08,1,4,21.75
30,18,22:15,0,0,5w69,9/26/17,32,A7,fly,16:08,1,4,22
30,18,22:30,0,0,5w69,9/26/17,32,A7,fly,16:08,1,4,22.25
30,18,22:45,0,0,5w69,9/26/17,32,A7,fly,16:08,1,4,22.5
30,18,23:00,0,0,5w69,9/26/17,32,A7,fly,16:08,1,4,22.75
30,18,23:15,0,0,5w69,9/26/17,32,A7,fly,16:08,1,4,23
30,18,23:30,0,0,5w69,9/26/17,32,A7,fly,16:08,1,4,23.25
30,18,23:45,0,0,5w69,9/26/17,32,A7,fly,16:08,1,4,23.5
30,18,24:00:00,0,0,5w69,9/26/17,32,A7,fly,16:08,1,4,23.75
30,18,NA,0,0,5w69,9/26/17,32,A7,fly,16:08,1,4,24