Host,Sample,N,tape,licor,cohort_day,cohort_date,day_weight,day_resp,weight,Respiration,Respiration_time,Purge_time
Apple,e,1,red,7000,19,9/3/18,7,8,5.805,0.147165,10:21:23,16:13
Apple,e,2,red,7000,19,9/3/18,7,8,6.045,0.1719045,10:23:02,
Apple,e,3,red,7000,19,9/3/18,7,8,6.481,0.101144,10:24:38,
Apple,e,4,red,7000,19,9/3/18,7,8,10.068,0.2134008,10:26:06,
Apple,e,5,red,7000,19,9/3/18,7,8,6.809,0.1134154,10:27:28,
Apple,e,6,red,7000,19,9/3/18,7,8,8.442,0.6372036,10:29:05,
Apple,e,7,red,7000,19,9/3/18,7,8,9.872,0.2221809,10:30:42,
Apple,e,8,red,7000,19,9/3/18,7,8,9.548,0.1987233,10:32:03,
Apple,e,9,red,7000,19,9/3/18,7,8,8.84,0.1790503,10:33:25,
Apple,e,10,red,7000,19,9/3/18,7,8,7.519,1.356455,10:34:52,
Apple,e,11,red,7000,19,9/3/18,7,8,8.557,0.19398,10:36:19,
Apple,e,12,red,7000,19,9/3/18,7,8,10.109,0.2427728,10:37:40,
Apple,e,13,red,7000,19,9/3/18,7,8,8.459,0.1465205,10:38:55,
Apple,e,14,red,7000,19,9/3/18,7,8,5.778,0.1177486,10:40:17,
Apple,e,15,red,7000,19,9/3/18,7,8,9.011,0.1775839,10:41:37,
Apple,e,16,red,7000,19,9/3/18,7,8,6.563,0.1575325,10:43:15,
Apple,b,17,red,7000,19,9/3/18,7,8,,1.30E-02,10:44:52,16:18
Apple,e,1,orange,6262,19,9/3/18,7,8,8.529,1.249565,10:21:23,16:18
Apple,e,2,orange,6262,19,9/3/18,7,8,5.964,0.2120648,10:23:02,
Apple,e,3,orange,6262,19,9/3/18,7,8,6.489,0.2139611,10:24:38,
Apple,e,4,orange,6262,19,9/3/18,7,8,7.544,0.2271753,10:26:06,
Apple,e,5,orange,6262,19,9/3/18,7,8,9.876,0.3398483,10:27:28,
Apple,e,6,orange,6262,19,9/3/18,7,8,6.753,1.833941,10:29:05,
Apple,e,7,orange,6262,19,9/3/18,7,8,9.777,0.3193111,10:30:42,
Apple,e,8,orange,6262,19,9/3/18,7,8,6.149,0.2024435,10:32:03,
Apple,e,9,orange,6262,19,9/3/18,7,8,7.539,0.2674149,10:33:25,
Apple,e,10,orange,6262,19,9/3/18,7,8,9.299,0.6084449,10:34:52,
Apple,e,11,orange,6262,19,9/3/18,7,8,7.162,0.1696596,10:36:19,
Apple,e,12,orange,6262,19,9/3/18,7,8,6.871,0.1870739,10:37:40,
Apple,e,13,orange,6262,19,9/3/18,7,8,6.633,0.1464126,10:38:55,
Apple,e,14,orange,6262,19,9/3/18,7,8,7.983,0.1994126,10:40:17,
Apple,e,15,orange,6262,19,9/3/18,7,8,4.599,1.41355,10:41:37,
Apple,e,16,orange,6262,19,9/3/18,7,8,6.902,2.120958,10:43:15,
Apple,b,17,orange,6262,19,9/3/18,7,8,,1.85E-02,10:44:52,16:24
Apple,e,1,red,7000,5,9/4/18,7,8,5.007,0.1890603,9:09:26,16:37
Apple,e,2,red,7000,5,9/4/18,7,8,7.321,0.1582116,9:10:55,
Apple,e,3,red,7000,5,9/4/18,7,8,7.416,0.1536641,9:12:05,
Apple,e,4,red,7000,5,9/4/18,7,8,8.319,0.1767983,9:13:15,
Apple,e,5,red,7000,5,9/4/18,7,8,6.002,0.2053673,9:14:26,
Apple,e,6,red,7000,5,9/4/18,7,8,5.649,1.017402,9:16:42,
Apple,e,7,red,7000,5,9/4/18,7,8,6.138,0.1044467,9:17:56,
Apple,e,8,red,7000,5,9/4/18,7,8,8.745,0.9198499,9:19:15,
Apple,e,9,red,7000,5,9/4/18,7,8,5.317,0.3816191,9:20:26,
Apple,e,10,red,7000,5,9/4/18,7,8,4.648,0.5621219,9:21:48,
Apple,e,11,red,7000,5,9/4/18,7,8,5.725,0.6408319,9:23:07,
Apple,e,12,red,7000,5,9/4/18,7,8,4.767,1.264148,9:24:20,
Apple,e,13,red,7000,5,9/4/18,7,8,4.932,0.115306,9:25:36,
Apple,e,14,red,7000,5,9/4/18,7,8,4.555,0.1372774,9:27:03,
Apple,e,15,red,7000,5,9/4/18,7,8,7.205,0.1535768,9:28:37,
Apple,e,16,red,7000,5,9/4/18,7,8,8.12,0.1769554,9:30:32,
Apple,e,17,red,7000,5,9/4/18,7,8,7.976,0.2102401,9:31:45,
Apple,e,18,red,7000,5,9/4/18,7,8,6.571,0.1455547,9:32:57,
Apple,e,19,red,7000,5,9/4/18,7,8,6.038,1.543989,9:34:23,
Apple,e,20,red,7000,5,9/4/18,7,8,9.44,0.1920563,9:35:54,
Apple,b,21,red,7000,5,9/4/18,7,8,,1.19E-02,9:37:05,16:40
Apple,e,1,orange,6262,5,9/4/18,7,8,5.561,1.69589,9:09:26,16:40
Apple,e,2,orange,6262,5,9/4/18,7,8,8.29,0.1181979,9:10:55,
Apple,e,3,orange,6262,5,9/4/18,7,8,6.467,0.2184013,9:12:05,
Apple,e,4,orange,6262,5,9/4/18,7,8,7.502,0.2342569,9:13:15,
Apple,e,5,orange,6262,5,9/4/18,7,8,4.999,0.7383672,9:14:26,
Apple,e,6,orange,6262,5,9/4/18,7,8,5.826,0.268301,9:16:42,
Apple,e,7,orange,6262,5,9/4/18,7,8,5.369,0.1995035,9:17:56,
Apple,e,8,orange,6262,5,9/4/18,7,8,6.663,0.6309569,9:19:15,
Apple,e,9,orange,6262,5,9/4/18,7,8,2.619,0.9564397,9:20:26,
Apple,e,10,orange,6262,5,9/4/18,7,8,4.524,0.5807192,9:21:48,
Apple,e,11,orange,6262,5,9/4/18,7,8,5.087,0.2576257,9:23:07,
Apple,e,12,orange,6262,5,9/4/18,7,8,5.44,0.9019009,9:24:20,
Apple,e,13,orange,6262,5,9/4/18,7,8,7.145,0.8675974,9:25:36,
Apple,e,14,orange,6262,5,9/4/18,7,8,3.854,0.1320472,9:27:03,
Apple,e,15,orange,6262,5,9/4/18,7,8,8.716,1.130556,9:28:37,
Apple,e,16,orange,6262,5,9/4/18,7,8,7.16,0.2087429,9:30:32,
Apple,e,17,orange,6262,5,9/4/18,7,8,6.164,0.2021749,9:31:45,
Apple,e,18,orange,6262,5,9/4/18,7,8,8.259,0.89929,9:32:57,
Apple,e,19,orange,6262,5,9/4/18,7,8,4.393,1.0933,9:34:23,
Apple,e,20,orange,6262,5,9/4/18,7,8,4.962,0.1362955,9:35:54,
Apple,b,21,orange,6262,5,9/4/18,7,8,,3.37E-03,9:37:05,16:48
Apple,e,1,red,7000,6,9/5/18,7,8,7.759,0.1748589,9:35:28,10:35
Apple,e,2,red,7000,6,9/5/18,7,8,7.246,0.2090567,9:36:42,
Apple,e,3,red,7000,6,9/5/18,7,8,8.151,0.2024793,9:38:17,
Apple,e,4,red,7000,6,9/5/18,7,8,4.842,0.1205624,9:39:55,
Apple,e,5,red,7000,6,9/5/18,7,8,6.652,1.111605,9:41:20,
Apple,e,6,red,7000,6,9/5/18,7,8,6.826,0.2034647,9:42:42,
Apple,e,7,red,7000,6,9/5/18,7,8,8.647,0.2064246,9:44:16,
Apple,e,8,red,7000,6,9/5/18,7,8,5.577,0.1291235,9:46:57,
Apple,e,9,red,7000,6,9/5/18,7,8,7.27,0.1696061,9:48:50,
Apple,e,10,red,7000,6,9/5/18,7,8,9.805,0.2110511,9:50:02,
Apple,e,11,red,7000,6,9/5/18,7,8,5.118,1.058271,9:51:15,
Apple,e,12,red,7000,6,9/5/18,7,8,10.251,0.1924664,9:52:42,
Apple,e,13,red,7000,6,9/5/18,7,8,8.373,0.2230032,9:54:11,
Apple,e,14,red,7000,6,9/5/18,7,8,7.683,0.7941779,9:55:35,
Apple,e,15,red,7000,6,9/5/18,7,8,8.564,0.2311898,9:57:10,
Apple,e,16,red,7000,6,9/5/18,7,8,9.119,0.1861395,9:58:22,
Apple,b,17,red,7000,6,9/5/18,7,8,,2.23E-02,9:59:34,10:40
Apple,e,1,orange,6262,6,9/5/18,7,8,4.743,0.1455487,9:35:28,10:40
Apple,e,2,orange,6262,6,9/5/18,7,8,6.701,0.2292813,9:36:42,
Apple,e,3,orange,6262,6,9/5/18,7,8,5.497,0.966819,9:38:17,
Apple,e,4,orange,6262,6,9/5/18,7,8,6.174,1.19954,9:39:55,
Apple,e,5,orange,6262,6,9/5/18,7,8,7.933,0.3851196,9:41:20,
Apple,e,6,orange,6262,6,9/5/18,7,8,5.785,0.1905941,9:42:42,
Apple,e,7,orange,6262,6,9/5/18,7,8,6.792,1.245437,9:45:39,
Apple,e,8,orange,6262,6,9/5/18,7,8,5.502,0.2142094,9:46:57,
Apple,e,9,orange,6262,6,9/5/18,7,8,7.38,0.2324209,9:48:50,
Apple,e,10,orange,6262,6,9/5/18,7,8,9.056,0.2921318,9:50:02,
Apple,e,11,orange,6262,6,9/5/18,7,8,9.016,0.2985956,9:51:15,
Apple,e,12,orange,6262,6,9/5/18,7,8,3.849,1.635443,9:52:42,
Apple,e,13,orange,6262,6,9/5/18,7,8,5.978,1.161144,9:54:11,
Apple,e,14,orange,6262,6,9/5/18,7,8,6.699,2.043224,9:55:35,
Apple,e,15,orange,6262,6,9/5/18,7,8,6.451,0.2669314,9:57:10,
Apple,e,16,orange,6262,6,9/5/18,7,8,6.621,0.2790901,9:58:22,
Apple,b,17,red,6262,6,9/5/18,7,8,,1.42E-02,9:59:34,10:44
Apple,e,1,red,7000,7,9/6/18,7,8,7.732,1.388817,9:00:54,11:06
Apple,e,2,red,7000,7,9/6/18,7,8,7.012,0.667327,9:02:27,
Apple,e,3,red,7000,7,9/6/18,7,8,5.678,0.1587777,9:04:15,
Apple,e,4,red,7000,7,9/6/18,7,8,8.319,0.1792229,9:05:31,
Apple,e,5,red,7000,7,9/6/18,7,8,7.004,0.202747,9:06:54,
Apple,e,6,red,7000,7,9/6/18,7,8,5.718,0.2852049,9:08:17,
Apple,e,7,red,7000,7,9/6/18,7,8,6.768,0.881135,9:09:31,
Apple,e,8,red,7000,7,9/6/18,7,8,6.752,0.183862,9:10:46,
Apple,e,9,red,7000,7,9/6/18,7,8,7.716,0.2268264,9:12:03,
Apple,e,10,red,7000,7,9/6/18,7,8,6.764,0.14562,9:13:13,
Apple,e,11,red,7000,7,9/6/18,7,8,5.612,5.35E-03,9:14:30,
Apple,e,12,red,7000,7,9/6/18,7,8,5.106,0.6004862,9:15:58,
Apple,e,13,red,7000,7,9/6/18,7,8,4.495,1.06293,9:17:15,
Apple,e,14,red,7000,7,9/6/18,7,8,8.073,0.216985,9:18:43,
Apple,e,15,red,7000,7,9/6/18,7,8,6.529,0.7335368,9:20:08,
Apple,e,16,red,7000,7,9/6/18,7,8,5.364,0.1494382,9:21:30,
Apple,e,17,red,7000,7,9/6/18,7,8,6.737,0.242761,9:22:50,
Apple,e,18,red,7000,7,9/6/18,7,8,4.545,0.1421586,9:24:37,
Apple,e,19,red,7000,7,9/6/18,7,8,7.413,0.1633363,9:26:11,
Apple,e,20,red,7000,7,9/6/18,7,8,6.757,0.159931,9:27:26,
Apple,b,21,red,7000,7,9/6/18,7,8,,9.04E-03,9:28:42,11:13
Apple,e,1,orange,6262,7,9/6/18,7,8,3.766,1.703996,9:00:54,11:13
Apple,e,2,orange,6262,7,9/6/18,7,8,8.715,0.3483284,9:02:27,
Apple,e,3,orange,6262,7,9/6/18,7,8,5.508,0.3439922,9:04:15,
Apple,e,4,orange,6262,7,9/6/18,7,8,6.275,1.152448,9:05:31,
Apple,e,5,orange,6262,7,9/6/18,7,8,6.234,0.3211812,9:06:54,
Apple,e,6,orange,6262,7,9/6/18,7,8,5.626,0.2279011,9:08:17,
Apple,e,7,orange,6262,7,9/6/18,7,8,6.031,0.2073864,9:09:31,
Apple,e,8,orange,6262,7,9/6/18,7,8,3.601,0.5404319,9:10:46,
Apple,e,9,orange,6262,7,9/6/18,7,8,5.726,0.2132795,9:12:03,
Apple,e,10,orange,6262,7,9/6/18,7,8,4.705,0.2297526,9:13:13,
Apple,e,11,orange,6262,7,9/6/18,7,8,6.128,0.2852564,9:14:30,
Apple,e,12,orange,6262,7,9/6/18,7,8,4.79,0.1956107,9:15:58,
Apple,e,13,orange,6262,7,9/6/18,7,8,10.789,1.276914,9:17:15,
Apple,e,14,orange,6262,7,9/6/18,7,8,6.957,0.4107549,9:18:43,
Apple,e,15,orange,6262,7,9/6/18,7,8,10.737,0.4703394,9:20:08,
Apple,e,16,orange,6262,7,9/6/18,7,8,6.907,0.3063082,9:21:30,
Apple,e,17,orange,6262,7,9/6/18,7,8,6.287,0.6146222,9:22:50,
Apple,e,18,orange,6262,7,9/6/18,7,8,8.225,0.2690123,9:24:37,
Apple,e,19,orange,6262,7,9/6/18,7,8,8.183,0.2835892,9:26:11,
Apple,e,20,orange,6262,7,9/6/18,7,8,8.693,0.3826959,9:27:26,
Apple,b,21,orange,6262,7,9/6/18,7,8,,1.15E-03,9:28:42,11:20
Apple,e,1,red,7000,8,9/7/18,7,8,3.274,0.8228833,9:33:25,11:06
Apple,e,2,red,7000,8,9/7/18,7,8,4.622,0.5172011,9:34:37,
Apple,e,3,red,7000,8,9/7/18,7,8,6.08,0.6084716,9:36:19,
Apple,e,4,red,7000,8,9/7/18,7,8,4.167,0.0807854,9:37:46,
Apple,e,5,red,7000,8,9/7/18,7,8,3.75,0.7519896,9:40:15,
Apple,e,6,red,7000,8,9/7/18,7,8,6.117,0.2001186,9:42:04,
Apple,e,7,red,7000,8,9/7/18,7,8,4.37,0.1509016,9:43:29,
Apple,e,8,red,7000,8,9/7/18,7,8,5.493,0.1913979,9:46:12,
Apple,e,9,red,7000,8,9/7/18,7,8,6.553,0.2372909,9:48:04,
Apple,e,10,red,7000,8,9/7/18,7,8,6.738,0.8693627,9:49:30,
Apple,e,11,red,7000,8,9/7/18,7,8,8.556,0.2565397,9:51:04,
Apple,e,12,red,7000,8,9/7/18,7,8,8.991,0.2483111,9:52:58,
Apple,e,13,red,7000,8,9/7/18,7,8,3.241,0.9285243,9:54:27,
Apple,e,14,red,7000,8,9/7/18,7,8,6.83,0.185974,9:55:48,
Apple,e,15,red,7000,8,9/7/18,7,8,4.669,0.1415549,9:57:03,
Apple,e,16,red,7000,8,9/7/18,7,8,4.668,3.58E-02,9:58:36,
Apple,b,17,red,7000,8,9/7/18,7,8,,7.91E-03,9:59:51,11:11
Apple,e,1,orange,6262,8,9/7/18,7,8,5.761,0.2678541,9:33:25,11:11
Apple,e,2,orange,6262,8,9/7/18,7,8,7.767,0.3250475,9:34:37,
Apple,e,3,orange,6262,8,9/7/18,7,8,6.116,0.2907293,9:36:19,
Apple,e,4,orange,6262,8,9/7/18,7,8,7.767,0.2386984,9:37:46,
Apple,e,5,orange,6262,8,9/7/18,7,8,8.628,1.688438,9:40:15,
Apple,e,6,orange,6262,8,9/7/18,7,8,4.761,0.1924541,9:42:04,
Apple,e,7,orange,6262,8,9/7/18,7,8,7.096,0.2638748,9:43:29,
Apple,e,8,orange,6262,8,9/7/18,7,8,6.458,0.2854164,9:46:12,
Apple,e,9,orange,6262,8,9/7/18,7,8,5.462,0.1786215,9:48:04,
Apple,e,10,orange,6262,8,9/7/18,7,8,6.867,0.2703805,9:49:30,
Apple,e,11,orange,6262,8,9/7/18,7,8,7.331,1.267646,9:51:04,
Apple,e,12,orange,6262,8,9/7/18,7,8,4.993,0.2200878,9:52:58,
Apple,e,13,orange,6262,8,9/7/18,7,8,5.756,0.2833845,9:54:27,
Apple,e,14,orange,6262,8,9/7/18,7,8,6.334,0.3256546,9:55:48,
Apple,e,15,orange,6262,8,9/7/18,7,8,5.267,1.919926,9:57:03,
Apple,e,16,orange,6262,8,9/7/18,7,8,6.737,0.3486006,9:58:36,
Apple,b,17,orange,6262,8,9/7/18,7,8,,0.0208784,9:59:51,11:18
Apple,e,1,red,7000,11,9/10/18,7,8,10.502,0.2115463,9:50:27,13:24
Apple,e,2,red,7000,11,9/10/18,7,8,6.618,0.1749713,9:51:53,
Apple,e,3,red,7000,11,9/10/18,7,8,6.773,0.1247981,9:53:27,
Apple,e,4,red,7000,11,9/10/18,7,8,5.056,0.2880596,9:54:41,
Apple,e,5,red,7000,11,9/10/18,7,8,5.487,1.217812,9:56:01,
Apple,e,6,red,7000,11,9/10/18,7,8,7.861,0.3885041,9:57:21,
Apple,e,7,red,7000,11,9/10/18,7,8,7.483,0.157399,9:58:38,
Apple,e,8,red,7000,11,9/10/18,7,8,6,0.202734,9:59:54,
Apple,e,9,red,7000,11,9/10/18,7,8,9.518,0.1533635,10:01:35,
Apple,e,10,red,7000,11,9/10/18,7,8,6.15,0.1667338,10:02:58,
Apple,e,11,red,7000,11,9/10/18,7,8,4.651,0.8462193,10:04:27,
Apple,e,12,red,7000,11,9/10/18,7,8,5.574,0.2210131,10:05:54,
Apple,e,13,red,7000,11,9/10/18,7,8,8.487,0.7690163,10:07:20,
Apple,e,14,red,7000,11,9/10/18,7,8,6.947,0.7156495,10:08:58,
Apple,e,15,red,7000,11,9/10/18,7,8,7.984,0.7322261,10:10:34,
Apple,e,16,red,7000,11,9/10/18,7,8,6.731,0.1692218,10:11:59,
Apple,e,17,red,7000,11,9/10/18,7,8,10.555,0.2456007,10:13:20,
Apple,e,18,red,7000,11,9/10/18,7,8,8.148,0.2499875,10:14:57,
Apple,e,19,red,7000,11,9/10/18,7,8,10.364,0.1655054,10:16:17,
Apple,e,20,red,7000,11,9/10/18,7,8,5.118,3.09E-02,10:17:55,
Apple,e,21,red,7000,11,9/10/18,7,8,7.238,0.1668479,10:19:27,
Apple,e,22,red,7000,11,9/10/18,7,8,8.084,1.989319,10:20:44,
Apple,e,23,red,7000,11,9/10/18,7,8,8.757,0.1881793,10:22:34,
Apple,e,24,red,7000,11,9/10/18,7,8,5.292,0.4776816,10:24:27,
Apple,e,25,red,7000,11,9/10/18,7,8,9.476,0.2538836,10:25:53,
Apple,b,26,red,7000,11,9/10/18,7,8,,5.20E-03,10:27:32,
Apple,b,27,red,7000,11,9/10/18,7,8,,7.12E-03,10:28:42,13:34
Apple,e,1,orange,6262,11,9/10/18,7,8,4.207,0.7359459,9:50:27,13:34
Apple,e,2,orange,6262,11,9/10/18,7,8,5.672,0.1950478,9:51:53,
Apple,e,3,orange,6262,11,9/10/18,7,8,6.656,0.2198711,9:53:27,
Apple,e,4,orange,6262,11,9/10/18,7,8,5.257,0.2360749,9:54:41,
Apple,e,5,orange,6262,11,9/10/18,7,8,4.11,0.183814,9:56:01,
Apple,e,6,orange,6262,11,9/10/18,7,8,7.573,0.2583511,9:57:21,
Apple,e,7,orange,6262,11,9/10/18,7,8,5.498,0.2188384,9:58:38,
Apple,e,8,orange,6262,11,9/10/18,7,8,5.333,1.399708,9:59:54,
Apple,e,9,orange,6262,11,9/10/18,7,8,7.538,0.288278,10:01:35,
Apple,e,10,orange,6262,11,9/10/18,7,8,5.314,0.4811854,10:02:58,
Apple,e,11,orange,6262,11,9/10/18,7,8,5.577,0.6774819,10:04:27,
Apple,e,12,orange,6262,11,9/10/18,7,8,8.152,0.3881219,10:05:54,
Apple,e,13,orange,6262,11,9/10/18,7,8,6.449,1.632914,10:07:20,
Apple,e,14,orange,6262,11,9/10/18,7,8,6.303,1.109239,10:08:58,
Apple,e,15,orange,6262,11,9/10/18,7,8,8.203,0.2315973,10:10:34,
Apple,e,16,orange,6262,11,9/10/18,7,8,6.109,0.2023764,10:11:59,
Apple,e,17,orange,6262,11,9/10/18,7,8,6.304,0.9198974,10:13:20,
Apple,e,18,orange,6262,11,9/10/18,7,8,5.849,0.2730523,10:14:57,
Apple,e,19,orange,6262,11,9/10/18,7,8,5.116,2.163821,10:16:17,
Apple,e,20,orange,6262,11,9/10/18,7,8,4.235,0.1688938,10:17:55,
Apple,e,21,orange,6262,11,9/10/18,7,8,4.117,0.1406567,10:19:27,
Apple,e,22,orange,6262,11,9/10/18,7,8,5.543,0.2649123,10:20:44,
Apple,e,23,orange,6262,11,9/10/18,7,8,6.284,0.2835508,10:22:34,
Apple,e,24,orange,6262,11,9/10/18,7,8,7.894,0.3021506,10:24:27,
Apple,e,25,orange,6262,11,9/10/18,7,8,3.735,1.531627,10:25:53,
Apple,b,26,orange,6262,11,9/10/18,7,8,,1.99E-03,10:27:32,
Apple,b,27,orange,6262,11,9/10/18,7,8,,0.0157656,10:28:42,13:40
Apple,e,1,red,7000,18,9/3/18,19,20,5.493,2.18E-02,11:06:43,10:49
Apple,e,2,red,7000,18,9/3/18,19,20,7.731,0.5722196,11:08:05,
Apple,e,3,red,7000,18,9/3/18,19,20,2.639,0.5638341,11:09:42,
Apple,e,4,red,7000,18,9/3/18,19,20,4.395,0.1211013,11:11:19,
Apple,e,5,red,7000,18,9/3/18,19,20,10.275,6.05E-02,11:13:26,
Apple,e,6,red,7000,18,9/3/18,19,20,3.284,0.7440517,11:15:11,
Apple,e,7,red,7000,18,9/3/18,19,20,6.566,5.82E-02,11:16:37,
Apple,e,8,red,7000,18,9/3/18,19,20,3.33,7.41E-02,11:17:59,
Apple,e,9,red,7000,18,9/3/18,19,20,5.286,0.7130429,11:19:23,
Apple,e,10,red,7000,18,9/3/18,19,20,6.093,9.40E-02,11:21:05,
Apple,e,11,red,7000,18,9/3/18,19,20,4.824,5.76E-02,11:22:50,
Apple,e,12,red,7000,18,9/3/18,19,20,4.551,5.67E-02,11:24:29,
Apple,e,13,red,7000,18,9/3/18,19,20,5.312,0.7537764,11:25:41,
Apple,e,14,red,7000,18,9/3/18,19,20,9.567,6.32E-02,11:27:21,
Apple,e,15,red,7000,18,9/3/18,19,20,7.059,0.0627131,11:28:59,
Apple,b,16,red,7000,18,9/3/18,19,20,,7.39E-03,11:30:10,
Apple,b,17,red,7000,18,9/3/18,19,20,,7.20E-03,11:31:16,10:54
Apple,e,1,orange,6262,18,9/3/18,19,20,7.93,1.60E-02,11:06:43,10:54
Apple,e,2,orange,6262,18,9/3/18,19,20,4.523,1.25E-02,11:08:05,
Apple,e,3,orange,6262,18,9/3/18,19,20,5.46,0.92971,11:09:42,
Apple,e,4,orange,6262,18,9/3/18,19,20,3.965,0.7006398,11:11:19,
Apple,e,5,orange,6262,18,9/3/18,19,20,5.804,5.66E-02,11:13:26,
Apple,e,6,orange,6262,18,9/3/18,19,20,4.546,8.62E-02,11:15:11,
Apple,e,7,orange,6262,18,9/3/18,19,20,5.602,7.03E-02,11:16:37,
Apple,e,8,orange,6262,18,9/3/18,19,20,6.012,4.62E-02,11:17:59,
Apple,e,9,orange,6262,18,9/3/18,19,20,3.84,0.6017168,11:19:23,
Apple,e,10,orange,6262,18,9/3/18,19,20,4.997,1.262175,11:21:05,
Apple,e,11,orange,6262,18,9/3/18,19,20,5.51,0.8584759,11:22:50,
Apple,e,12,orange,6262,18,9/3/18,19,20,2.768,4.87E-02,11:24:29,
Apple,e,13,orange,6262,18,9/3/18,19,20,5.729,6.46E-02,11:25:41,
Apple,e,14,orange,6262,18,9/3/18,19,20,2.272,0.8055525,11:27:21,
Apple,e,15,orange,6262,18,9/3/18,19,20,3.505,6.40E-02,11:28:59,
Apple,b,16,orange,6262,18,9/3/18,19,20,,-4.31E-03,11:30:10,
Apple,b,17,orange,6262,18,9/3/18,19,20,,-1.24E-02,11:31:16,10:58
Apple,e,1,red,7000,5,9/4/18,19,20,5.524,1.99E-03,10:09:48,12:29
Apple,e,2,red,7000,5,9/4/18,19,20,10.588,5.60E-02,10:10:33,
Apple,e,3,red,7000,5,9/4/18,19,20,5.778,0.3188313,10:12:24,
Apple,e,4,red,7000,5,9/4/18,19,20,9.784,0.8637187,10:13:54,
Apple,e,5,red,7000,5,9/4/18,19,20,4.821,0.5443773,10:15:53,
Apple,e,6,red,7000,5,9/4/18,19,20,8.286,0.8460329,10:17:31,
Apple,e,7,red,7000,5,9/4/18,19,20,6.823,5.64E-02,10:19:10,
Apple,e,8,red,7000,5,9/4/18,19,20,5.401,0.7194315,10:20:33,
Apple,e,9,red,7000,5,9/4/18,19,20,4.138,4.84E-02,10:21:48,
Apple,e,10,red,7000,5,9/4/18,19,20,7.325,0.0719026,10:23:14,
Apple,e,11,red,7000,5,9/4/18,19,20,7.098,0.803327,10:24:48,
Apple,e,12,red,7000,5,9/4/18,19,20,5.36,8.28E-02,10:26:31,
Apple,e,13,red,7000,5,9/4/18,19,20,6.077,0.6901214,10:28:07,
Apple,e,14,red,7000,5,9/4/18,19,20,7.216,8.15E-02,10:29:46,
Apple,e,15,red,7000,5,9/4/18,19,20,4.811,0.2995013,10:30:59,
Apple,e,16,red,7000,5,9/4/18,19,20,6.517,6.32E-02,10:32:20,
Apple,e,17,red,7000,5,9/4/18,19,20,6.762,0.3728664,10:33:47,
Apple,e,18,red,7000,5,9/4/18,19,20,7.555,6.54E-02,10:34:59,
Apple,e,19,red,7000,5,9/4/18,19,20,5.19,0.1310523,10:36:29,
Apple,b,20,red,7000,5,9/4/18,19,20,,5.01E-03,10:37:54,
Apple,b,21,red,7000,5,9/4/18,19,20,,5.41E-03,10:38:49,12:34
Apple,e,1,orange,6262,5,9/4/18,19,20,6.658,1.34E-03,10:09:48,12:34
Apple,e,2,orange,6262,5,9/4/18,19,20,7.3,1.193231,10:10:33,
Apple,e,3,orange,6262,5,9/4/18,19,20,5.144,5.91E-02,10:12:24,
Apple,e,4,orange,6262,5,9/4/18,19,20,4.813,0.9053795,10:13:54,
Apple,e,5,orange,6262,5,9/4/18,19,20,5.669,0.1543816,10:15:53,
Apple,e,6,orange,6262,5,9/4/18,19,20,4.967,0.9160929,10:17:31,
Apple,e,7,orange,6262,5,9/4/18,19,20,6.827,7.77E-02,10:19:10,
Apple,e,8,orange,6262,5,9/4/18,19,20,5.961,6.58E-02,10:20:33,
Apple,e,9,orange,6262,5,9/4/18,19,20,4.763,0.0169585,10:21:48,
Apple,e,10,orange,6262,5,9/4/18,19,20,5.322,1.073764,10:23:14,
Apple,e,11,orange,6262,5,9/4/18,19,20,4.197,0.90915,10:24:48,
Apple,e,12,orange,6262,5,9/4/18,19,20,5.802,0.9645984,10:26:31,
Apple,e,13,orange,6262,5,9/4/18,19,20,5.487,0.8513682,10:28:07,
Apple,e,14,orange,6262,5,9/4/18,19,20,4.101,9.97E-02,10:29:46,
Apple,e,15,orange,6262,5,9/4/18,19,20,6.296,0.1239735,10:30:59,
Apple,e,16,orange,6262,5,9/4/18,19,20,5.411,0.7827498,10:32:20,
Apple,e,17,orange,6262,5,9/4/18,19,20,2.517,2.29E-02,10:33:47,
Apple,e,18,orange,6262,5,9/4/18,19,20,4.808,0.8126568,10:34:59,
Apple,e,19,orange,6262,5,9/4/18,19,20,4.609,0.879393,10:36:29,
Apple,b,20,orange,6262,5,9/4/18,19,20,,3.55E-03,10:37:54,
Apple,b,21,orange,6262,5,9/4/18,19,20,,0.0165469,10:38:49,12:38
Apple,e,1,red,7000,6,9/5/18,19,20,4.787,6.91E-02,9:04:08,13:34
Apple,e,2,red,7000,6,9/5/18,19,20,7.061,6.40E-02,9:05:16,
Apple,e,3,red,7000,6,9/5/18,19,20,7.002,0.7030002,9:06:25,
Apple,e,4,red,7000,6,9/5/18,19,20,5.569,5.34E-02,9:07:38,
Apple,e,5,red,7000,6,9/5/18,19,20,6.527,2.41E-02,9:09:15,
Apple,e,6,red,7000,6,9/5/18,19,20,4.991,0.466691,9:10:24,
Apple,e,7,red,7000,6,9/5/18,19,20,7.112,0.0723521,9:11:44,
Apple,e,8,red,7000,6,9/5/18,19,20,5.02,4.21E-02,9:13:17,
Apple,e,9,red,7000,6,9/5/18,19,20,7.309,0.1106039,9:14:31,
Apple,e,10,red,7000,6,9/5/18,19,20,5.895,8.64E-02,9:15:49,
Apple,e,11,red,7000,6,9/5/18,19,20,5.812,7.06E-02,9:17:16,
Apple,e,12,red,7000,6,9/5/18,19,20,7.014,0.0785857,9:18:36,
Apple,e,13,red,7000,6,9/5/18,19,20,6.339,8.67E-02,9:20:03,
Apple,e,14,red,7000,6,9/5/18,19,20,6.003,0.7076389,9:21:18,
Apple,e,15,red,7000,6,9/5/18,19,20,7.099,6.47E-02,9:22:39,
Apple,e,16,red,7000,6,9/5/18,19,20,6.547,0.4464706,9:23:52,
Apple,e,17,red,7000,6,9/5/18,19,20,8.448,0.493857,9:26:18,
Apple,e,18,red,7000,6,9/5/18,19,20,3.956,0.3610231,9:28:01,
Apple,e,19,red,7000,6,9/5/18,19,20,10.197,0.1151914,9:29:09,
Apple,e,20,red,7000,6,9/5/18,19,20,7.069,0.6835032,9:30:30,
Apple,e,21,red,7000,6,9/5/18,19,20,8.962,0.9523988,9:31:41,
Apple,e,22,red,7000,6,9/5/18,19,20,8.804,6.64E-02,9:32:49,
Apple,e,23,red,7000,6,9/5/18,19,20,5.98,0.5890414,9:34:16,
Apple,e,24,red,7000,6,9/5/18,19,20,7.74,6.14E-02,9:35:27,
Apple,e,25,red,7000,6,9/5/18,19,20,8.578,0.8322343,9:36:31,
Apple,e,26,red,7000,6,9/5/18,19,20,5.037,0.5087747,9:37:47,
Apple,e,27,red,7000,6,9/5/18,19,20,7.425,0.702298,9:38:59,
Apple,e,28,red,7000,6,9/5/18,19,20,5.066,7.20E-02,9:40:08,
Apple,e,29,red,7000,6,9/5/18,19,20,8.995,5.35E-02,9:41:25,
Apple,e,30,red,7000,6,9/5/18,19,20,6.341,4.60E-02,9:42:49,
Apple,b,31,red,7000,6,9/5/18,19,20,,9.80E-03,9:43:59,13:41
Apple,e,1,orange,6262,6,9/5/18,19,20,4.887,0.1014433,9:04:08,13:41
Apple,e,2,orange,6262,6,9/5/18,19,20,6.753,6.22E-02,9:05:16,
Apple,e,3,orange,6262,6,9/5/18,19,20,4.458,4.67E-02,9:06:25,
Apple,e,4,orange,6262,6,9/5/18,19,20,6.817,1.042424,9:07:38,
Apple,e,5,orange,6262,6,9/5/18,19,20,6.423,8.09E-02,9:09:15,
Apple,e,6,orange,6262,6,9/5/18,19,20,6.685,9.72E-02,9:10:24,
Apple,e,7,orange,6262,6,9/5/18,19,20,4.672,0.7138696,9:11:44,
Apple,e,8,orange,6262,6,9/5/18,19,20,7.313,0.1307342,9:13:17,
Apple,e,9,orange,6262,6,9/5/18,19,20,6.06,0.088434,9:14:31,
Apple,e,10,orange,6262,6,9/5/18,19,20,3.81,0.5991746,9:15:49,
Apple,e,11,orange,6262,6,9/5/18,19,20,4.419,1.54E-02,9:17:16,
Apple,e,12,orange,6262,6,9/5/18,19,20,6.176,0.9466081,9:18:36,
Apple,e,13,orange,6262,6,9/5/18,19,20,6.634,0.1323158,9:20:03,
Apple,e,14,orange,6262,6,9/5/18,19,20,9.227,0.3028022,9:21:18,
Apple,e,15,orange,6262,6,9/5/18,19,20,8.984,0.1120326,9:22:39,
Apple,e,16,orange,6262,6,9/5/18,19,20,5.239,0.992884,9:23:52,
Apple,e,17,orange,6262,6,9/5/18,19,20,5.363,1.250842,9:26:18,
Apple,e,18,orange,6262,6,9/5/18,19,20,4.415,7.33E-02,9:28:01,
Apple,e,19,orange,6262,6,9/5/18,19,20,6.067,5.94E-02,9:29:09,
Apple,e,20,orange,6262,6,9/5/18,19,20,4.401,0.0874826,9:30:30,
Apple,e,21,orange,6262,6,9/5/18,19,20,8.904,0.1067939,9:31:41,
Apple,e,22,orange,6262,6,9/5/18,19,20,4.379,0.6717116,9:32:49,
Apple,e,23,orange,6262,6,9/5/18,19,20,5.454,0.110722,9:34:16,
Apple,e,24,orange,6262,6,9/5/18,19,20,8.827,8.04E-02,9:35:27,
Apple,e,25,orange,6262,6,9/5/18,19,20,6.617,0.1343956,9:36:31,
Apple,e,26,orange,6262,6,9/5/18,19,20,5.723,9.88E-02,9:37:47,
Apple,e,27,orange,6262,6,9/5/18,19,20,5.967,7.61E-02,9:38:59,
Apple,e,28,orange,6262,6,9/5/18,19,20,6.783,0.0727186,9:40:08,
Apple,e,29,orange,6262,6,9/5/18,19,20,5.867,0.6992196,9:41:25,
Apple,e,30,orange,6262,6,9/5/18,19,20,6.143,0.1147143,9:42:49,
Apple,b,31,orange,6262,6,9/5/18,19,20,,1.29E-02,9:43:59,13:50
Apple,e,1,red,7000,7,9/6/18,19,20,6.369,0.2222052,9:42:14,10:35
Apple,e,2,red,7000,7,9/6/18,19,20,6.511,6.04E-02,9:44:03,
Apple,e,3,red,7000,7,9/6/18,19,20,8.511,5.43E-02,9:45:16,
Apple,e,4,red,7000,7,9/6/18,19,20,5.173,9.39E-02,9:46:29,
Apple,e,5,red,7000,7,9/6/18,19,20,6.772,6.27E-02,9:47:47,
Apple,e,6,red,7000,7,9/6/18,19,20,6.689,6.61E-02,9:49:17,
Apple,e,7,red,7000,7,9/6/18,19,20,5.364,6.25E-02,9:50:34,
Apple,e,8,red,7000,7,9/6/18,19,20,8.199,0.0404232,9:52:07,
Apple,e,9,red,7000,7,9/6/18,19,20,6.74,0.7576542,9:53:38,
Apple,e,10,red,7000,7,9/6/18,19,20,5.557,0.1734188,9:55:07,
Apple,e,11,red,7000,7,9/6/18,19,20,7.308,0.085843,9:56:26,
Apple,e,12,red,7000,7,9/6/18,19,20,7.659,5.45E-02,9:57:39,
Apple,e,13,red,7000,7,9/6/18,19,20,7.851,0.0593218,9:58:56,
Apple,e,14,red,7000,7,9/6/18,19,20,5.333,0.6482632,10:00:29,
Apple,e,15,red,7000,7,9/6/18,19,20,7.673,8.09E-02,10:01:54,
Apple,e,16,red,7000,7,9/6/18,19,20,6.087,7.52E-02,10:03:11,
Apple,e,17,red,7000,7,9/6/18,19,20,6.213,8.99E-02,10:04:22,
Apple,e,18,red,7000,7,9/6/18,19,20,7.501,9.82E-02,10:05:49,
Apple,e,19,red,7000,7,9/6/18,19,20,7.337,7.42E-02,10:07:25,
Apple,e,20,red,7000,7,9/6/18,19,20,9.609,7.73E-02,10:08:41,
Apple,b,21,red,7000,7,9/6/18,19,20,,4.63E-03,10:10:20,
Apple,b,22,red,7000,7,9/6/18,19,20,,6.22E-03,10:11:28,10:41
Apple,e,1,orange,6262,7,9/6/18,19,20,5.649,0.1056592,9:42:14,10:41
Apple,e,2,orange,6262,7,9/6/18,19,20,4.891,7.02E-02,9:44:03,
Apple,e,3,orange,6262,7,9/6/18,19,20,6.73,0.1102137,9:45:16,
Apple,e,4,orange,6262,7,9/6/18,19,20,6.298,9.89E-02,9:46:29,
Apple,e,5,orange,6262,7,9/6/18,19,20,6.314,0.143848,9:47:47,
Apple,e,6,orange,6262,7,9/6/18,19,20,8.443,0.1090238,9:49:17,
Apple,e,7,orange,6262,7,9/6/18,19,20,5.831,1.097293,9:50:34,
Apple,e,8,orange,6262,7,9/6/18,19,20,6.306,8.83E-02,9:52:07,
Apple,e,9,orange,6262,7,9/6/18,19,20,5.162,6.14E-02,9:53:38,
Apple,e,10,orange,6262,7,9/6/18,19,20,7.799,0.12467,9:55:07,
Apple,e,11,orange,6262,7,9/6/18,19,20,4.654,8.91E-02,9:56:26,
Apple,e,12,orange,6262,7,9/6/18,19,20,5.996,0.1433761,9:57:39,
Apple,e,13,orange,6262,7,9/6/18,19,20,6.128,9.93E-02,9:58:56,
Apple,e,14,orange,6262,7,9/6/18,19,20,8.809,0.1615204,10:00:29,
Apple,e,15,orange,6262,7,9/6/18,19,20,7.144,0.2134865,10:01:54,
Apple,e,16,orange,6262,7,9/6/18,19,20,8.69,8.84E-02,10:03:11,
Apple,e,17,orange,6262,7,9/6/18,19,20,8.581,0.1326539,10:04:22,
Apple,e,18,orange,6262,7,9/6/18,19,20,5.254,1.031264,10:05:49,
Apple,e,19,orange,6262,7,9/6/18,19,20,6.26,0.1888284,10:07:25,
Apple,e,20,orange,6262,7,9/6/18,19,20,5.574,1.02544,10:08:41,
Apple,b,21,orange,6262,7,9/6/18,19,20,,2.61E-03,10:10:20,
Apple,b,22,orange,6262,7,9/6/18,19,20,,1.86E-02,10:11:28,10:45
Apple,e,1,red,7000,8,9/7/18,19,20,9.71,6.69E-02,9:43:47,10:44
Apple,e,2,red,7000,8,9/7/18,19,20,7.056,4.91E-02,9:45:25,
Apple,e,3,red,7000,8,9/7/18,19,20,8.929,4.94E-02,9:46:47,
Apple,e,4,red,7000,8,9/7/18,19,20,6.717,0.1506857,9:48:01,
Apple,e,5,red,7000,8,9/7/18,19,20,5.095,3.87E-02,9:49:42,
Apple,e,6,red,7000,8,9/7/18,19,20,10.434,0.1195854,9:51:08,
Apple,e,7,red,7000,8,9/7/18,19,20,8.924,7.10E-02,9:52:36,
Apple,e,8,red,7000,8,9/7/18,19,20,5.851,0.1778054,9:54:01,
Apple,e,9,red,7000,8,9/7/18,19,20,7.232,0.4037302,9:55:26,
Apple,e,10,red,7000,8,9/7/18,19,20,6.978,6.05E-02,9:57:07,
Apple,e,11,red,7000,8,9/7/18,19,20,2.317,1.40E-02,9:58:23,
Apple,e,12,red,7000,8,9/7/18,19,20,7.075,0.777239,9:59:44,
Apple,e,13,red,7000,8,9/7/18,19,20,4.712,0.1561337,10:01:34,
Apple,e,14,red,7000,8,9/7/18,19,20,5.366,0.5604136,10:03:01,
Apple,e,15,red,7000,8,9/7/18,19,20,5.909,0.6005536,10:04:31,
Apple,e,16,red,7000,8,9/7/18,19,20,6.311,0.8296191,10:05:51,
Apple,e,17,red,7000,8,9/7/18,19,20,6.099,0.9001287,10:08:07,
Apple,e,18,red,7000,8,9/7/18,19,20,4.925,5.11E-02,10:09:50,
Apple,e,19,red,7000,8,9/7/18,19,20,8.182,3.98E-02,10:11:07,
Apple,e,20,red,7000,8,9/7/18,19,20,5.8,9.90E-02,10:12:32,
Apple,b,21,red,7000,8,9/7/18,19,20,,5.61E-03,10:13:55,
Apple,b,22,red,7000,8,9/7/18,19,20,,5.61E-03,10:15:10,10:49
Apple,e,1,orange,6262,8,9/7/18,19,20,8.737,0.2283369,9:43:47,10:49
Apple,e,2,orange,6262,8,9/7/18,19,20,8.119,0.2640488,9:45:25,
Apple,e,3,orange,6262,8,9/7/18,19,20,6.604,0.0999988,9:46:47,
Apple,e,4,orange,6262,8,9/7/18,19,20,7.156,1.391585,9:48:01,
Apple,e,5,orange,6262,8,9/7/18,19,20,5.137,7.81E-02,9:49:42,
Apple,e,6,orange,6262,8,9/7/18,19,20,3.52,7.40E-02,9:51:08,
Apple,e,7,orange,6262,8,9/7/18,19,20,6.048,9.22E-02,9:52:36,
Apple,e,8,orange,6262,8,9/7/18,19,20,6.16,0.1433078,9:54:01,
Apple,e,9,orange,6262,8,9/7/18,19,20,5.765,1.332698,9:55:26,
Apple,e,10,orange,6262,8,9/7/18,19,20,8.24,0.1641282,9:57:07,
Apple,e,11,orange,6262,8,9/7/18,19,20,6.607,0.1163012,9:58:23,
Apple,e,12,orange,6262,8,9/7/18,19,20,3.445,1.47356,9:59:44,
Apple,e,13,orange,6262,8,9/7/18,19,20,2.258,2.27E-02,10:01:34,
Apple,e,14,orange,6262,8,9/7/18,19,20,2.546,0.1871905,10:03:01,
Apple,e,15,orange,6262,8,9/7/18,19,20,5.664,5.25E-02,10:04:31,
Apple,e,16,orange,6262,8,9/7/18,19,20,4.864,5.88E-02,10:05:51,
Apple,e,17,orange,6262,8,9/7/18,19,20,5.272,9.51E-02,10:08:07,
Apple,e,18,orange,6262,8,9/7/18,19,20,7.525,0.1004196,10:09:50,
Apple,e,19,orange,6262,8,9/7/18,19,20,5.15,0.2101761,10:11:07,
Apple,b,20,orange,6262,8,9/7/18,19,20,,1.70E-02,10:13:55,
Apple,b,21,orange,6262,8,9/7/18,19,20,,1.82E-02,10:15:10,10:56
Hawthorn,e,1,red,7000,3,9/23/18,7,8,7.878,0.1959313,9:28:47,13:47
Hawthorn,e,2,red,7000,3,9/23/18,7,8,6.2,0.1328092,9:30:05,
Hawthorn,e,3,red,7000,3,9/23/18,7,8,6.538,0.1384631,9:34:27,
Hawthorn,e,4,red,7000,3,9/23/18,7,8,6.993,0.1146397,9:36:04,
Hawthorn,e,5,red,7000,3,9/23/18,7,8,8.121,0.2014835,9:37:17,
Hawthorn,e,6,red,7000,3,9/23/18,7,8,5.38,0.1288678,9:38:41,
Hawthorn,e,7,red,7000,3,9/23/18,7,8,4.477,1.229758,9:40:08,
Hawthorn,e,8,red,7000,3,9/23/18,7,8,7.532,0.1846491,9:41:35,
Hawthorn,e,9,red,7000,3,9/23/18,7,8,10.3,0.154179,9:42:50,
Hawthorn,e,10,red,7000,3,9/23/18,7,8,7.032,0.1320206,9:44:15,
Hawthorn,e,11,red,7000,3,9/23/18,7,8,6.258,0.1446705,9:45:36,
Hawthorn,e,12,red,7000,3,9/23/18,7,8,9.656,0.1872823,9:46:56,
Hawthorn,e,13,red,7000,3,9/23/18,7,8,6.027,0.1396506,9:48:18,
Hawthorn,e,14,red,7000,3,9/23/18,7,8,5.763,1.306148,9:49:30,
Hawthorn,e,15,red,7000,3,9/23/18,7,8,9.017,0.2115942,9:50:43,
Hawthorn,e,16,red,7000,3,9/23/18,7,8,7.225,0.1875596,9:51:58,
Hawthorn,e,17,red,7000,3,9/23/18,7,8,9.524,2.98E-02,9:53:17,
Hawthorn,e,18,red,7000,3,9/23/18,7,8,7.695,0.1832532,9:54:30,
Hawthorn,e,19,red,7000,3,9/23/18,7,8,8.124,0.1737901,9:55:44,
Hawthorn,e,20,red,7000,3,9/23/18,7,8,4.485,1.36306,9:56:54,
Hawthorn,e,21,red,7000,3,9/23/18,7,8,9.959,0.1816341,9:58:13,
Hawthorn,e,22,red,7000,3,9/23/18,7,8,7.337,0.1273463,9:59:39,
Hawthorn,b,23,red,7000,3,9/23/18,7,8,,7.96E-03,10:01:04,
Hawthorn,b,24,red,7000,3,9/23/18,7,8,,9.58E-03,10:02:02,13:52
Hawthorn,e,1,orange,6262,3,9/23/18,7,8,5.127,1.396966,9:28:47,13:52
Hawthorn,e,2,orange,6262,3,9/23/18,7,8,3.473,0.2564581,9:30:05,
Hawthorn,e,3,orange,6262,3,9/23/18,7,8,4.889,2.256238,9:34:27,
Hawthorn,e,4,orange,6262,3,9/23/18,7,8,7.369,1.347106,9:36:04,
Hawthorn,e,5,orange,6262,3,9/23/18,7,8,7.733,1.19284,9:37:17,
Hawthorn,e,6,orange,6262,3,9/23/18,7,8,10.013,0.249226,9:38:41,
Hawthorn,e,7,orange,6262,3,9/23/18,7,8,3.306,1.573686,9:40:08,
Hawthorn,e,8,orange,6262,3,9/23/18,7,8,6.817,1.214072,9:41:35,
Hawthorn,e,9,orange,6262,3,9/23/18,7,8,4.768,1.274569,9:42:50,
Hawthorn,e,10,orange,6262,3,9/23/18,7,8,3.197,1.33537,9:44:15,
Hawthorn,e,11,orange,6262,3,9/23/18,7,8,11.338,0.3157995,9:45:36,
Hawthorn,e,12,orange,6262,3,9/23/18,7,8,4.798,0.1933218,9:46:56,
Hawthorn,e,13,orange,6262,3,9/23/18,7,8,10.231,0.3406958,9:48:18,
Hawthorn,e,14,orange,6262,3,9/23/18,7,8,5.795,0.8929729,9:49:30,
Hawthorn,e,15,orange,6262,3,9/23/18,7,8,9.006,0.1030281,9:50:43,
Hawthorn,e,16,orange,6262,3,9/23/18,7,8,4.666,0.2093206,9:51:58,
Hawthorn,e,17,orange,6262,3,9/23/18,7,8,4.391,0.2477685,9:53:17,
Hawthorn,e,18,orange,6262,3,9/23/18,7,8,5.5,0.2389543,9:54:30,
Hawthorn,e,19,orange,6262,3,9/23/18,7,8,7.327,0.1786893,9:55:44,
Hawthorn,e,20,orange,6262,3,9/23/18,7,8,7.486,0.2961681,9:56:54,
Hawthorn,e,21,orange,6262,3,9/23/18,7,8,6.927,-2.29E-03,9:58:13,
Hawthorn,e,22,orange,6262,3,9/23/18,7,8,9.811,1.10E-02,9:59:39,
Hawthorn,b,23,orange,6262,3,9/23/18,7,8,,-2.29E-03,10:01:04,
Hawthorn,b,24,orange,6262,3,9/23/18,7,8,,1.10E-02,10:02:02,13:57:00
Hawthorn,e,1,red,7000,4,9/24/18,7,8,6.567,1.747625,8:49:54,10:31
Hawthorn,e,2,red,7000,4,9/24/18,7,8,10.283,0.1888166,8:51:09,
Hawthorn,e,3,red,7000,4,9/24/18,7,8,10.066,0.233904,8:52:35,
Hawthorn,e,4,red,7000,4,9/24/18,7,8,9.754,0.2524456,8:53:47,
Hawthorn,e,5,red,7000,4,9/24/18,7,8,8.736,0.285938,8:55:12,
Hawthorn,e,6,red,7000,4,9/24/18,7,8,10.376,0.2216386,8:56:38,
Hawthorn,e,7,red,7000,4,9/24/18,7,8,9.225,0.2609781,8:58:10,
Hawthorn,e,8,red,7000,4,9/24/18,7,8,6.728,0.6870422,8:59:36,
Hawthorn,e,9,red,7000,4,9/24/18,7,8,6.66,0.16861,9:00:55,
Hawthorn,e,10,red,7000,4,9/24/18,7,8,7.231,0.7215213,9:02:30,
Hawthorn,e,11,red,7000,4,9/24/18,7,8,7.778,0.1722616,9:03:59,
Hawthorn,e,12,red,7000,4,9/24/18,7,8,8.611,0.2370458,9:05:17,
Hawthorn,e,13,red,7000,4,9/24/18,7,8,3.984,0.7958674,9:06:40,
Hawthorn,e,14,red,7000,4,9/24/18,7,8,9.855,0.3235295,9:07:58,
Hawthorn,e,15,red,7000,4,9/24/18,7,8,9.983,0.3087083,9:09:44,
Hawthorn,e,16,red,7000,4,9/24/18,7,8,5.008,1.110511,9:11:20,
Hawthorn,e,17,red,7000,4,9/24/18,7,8,9.367,0.2954526,9:12:38,
Hawthorn,e,18,red,7000,4,9/24/18,7,8,6.618,0.1147828,9:14:03,
Hawthorn,e,19,red,7000,4,9/24/18,7,8,7.699,0.5062324,9:15:18,
Hawthorn,e,20,red,7000,4,9/24/18,7,8,9.968,0.1952904,9:16:51,
Hawthorn,b,21,red,7000,4,9/24/18,7,8,,7.23E-03,9:18:21,
Hawthorn,b,22,red,7000,4,9/24/18,7,8,,9.02E-03,9:19:23,10:35
Hawthorn,e,1,orange,6262,4,9/24/18,7,8,7.258,0.2489911,8:49:54,10:35
Hawthorn,e,2,orange,6262,4,9/24/18,7,8,9.869,3.028428,8:51:09,
Hawthorn,e,3,orange,6262,4,9/24/18,7,8,5.823,0.2325622,8:52:35,
Hawthorn,e,4,orange,6262,4,9/24/18,7,8,10.824,1.260429,8:53:47,
Hawthorn,e,5,orange,6262,4,9/24/18,7,8,6.189,0.9397993,8:55:12,
Hawthorn,e,6,orange,6262,4,9/24/18,7,8,4.49,2.015515,8:56:38,
Hawthorn,e,7,orange,6262,4,9/24/18,7,8,3.229,0.4259947,8:58:10,
Hawthorn,e,8,orange,6262,4,9/24/18,7,8,9.233,0.2848142,8:59:36,
Hawthorn,e,9,orange,6262,4,9/24/18,7,8,4.261,2.379287,9:00:55,
Hawthorn,e,10,orange,6262,4,9/24/18,7,8,9.08,0.292022,9:02:30,
Hawthorn,e,11,orange,6262,4,9/24/18,7,8,6.968,0.1916712,9:03:59,
Hawthorn,e,12,orange,6262,4,9/24/18,7,8,4.476,0.318836,9:05:17,
Hawthorn,e,13,orange,6262,4,9/24/18,7,8,7.564,0.2464532,9:06:40,
Hawthorn,e,14,orange,6262,4,9/24/18,7,8,4.003,2.209853,9:07:58,
Hawthorn,e,15,orange,6262,4,9/24/18,7,8,7.273,0.1714688,9:09:44,
Hawthorn,e,16,orange,6262,4,9/24/18,7,8,5.118,0.1879235,9:11:20,
Hawthorn,e,17,orange,6262,4,9/24/18,7,8,9.594,0.2995402,9:12:38,
Hawthorn,e,18,orange,6262,4,9/24/18,7,8,6.647,5.31E-02,9:14:03,
Hawthorn,e,19,orange,6262,4,9/24/18,7,8,10.671,1.275413,9:15:18,
Hawthorn,e,20,orange,6262,4,9/24/18,7,8,7.109,0.264945,9:16:51,
Hawthorn,b,21,orange,6262,4,9/24/18,7,8,,1.83E-03,9:18:21,
Hawthorn,b,22,orange,6262,4,9/24/18,7,8,,1.30E-02,9:19:23,10:39
Hawthorn,e,1,red,7000,5,9/25/18,7,8,7.496,0.257439,9:08:50,10:26
Hawthorn,e,2,red,7000,5,9/25/18,7,8,2.848,0.0761029,9:10:02,
Hawthorn,e,3,red,7000,5,9/25/18,7,8,6.529,0.1740492,9:11:15,
Hawthorn,e,4,red,7000,5,9/25/18,7,8,10.788,0.2348218,9:12:43,
Hawthorn,e,5,red,7000,5,9/25/18,7,8,6.372,0.1621233,9:13:59,
Hawthorn,e,6,red,7000,5,9/25/18,7,8,6.905,1.951673,9:15:22,
Hawthorn,e,7,red,7000,5,9/25/18,7,8,6.069,0.1396802,9:16:37,
Hawthorn,e,8,red,7000,5,9/25/18,7,8,8.456,0.1834582,9:18:06,
Hawthorn,e,9,red,7000,5,9/25/18,7,8,10.252,0.1974839,9:19:23,
Hawthorn,e,10,red,7000,5,9/25/18,7,8,7.531,0.2198682,9:20:35,
Hawthorn,e,11,red,7000,5,9/25/18,7,8,9.451,0.8803289,9:21:58,
Hawthorn,e,12,red,7000,5,9/25/18,7,8,9.909,0.247627,9:23:30,
Hawthorn,e,13,red,7000,5,9/25/18,7,8,3.361,8.58E-02,9:24:52,
Hawthorn,e,14,red,7000,5,9/25/18,7,8,5.631,3.37E-02,9:26:14,
Hawthorn,e,15,red,7000,5,9/25/18,7,8,8.14,0.1743385,9:27:26,
Hawthorn,e,16,red,7000,5,9/25/18,7,8,4.662,0.1020875,9:28:48,
Hawthorn,e,17,red,7000,5,9/25/18,7,8,5.924,0.1513504,9:30:01,
Hawthorn,e,18,red,7000,5,9/25/18,7,8,7.382,0.6850067,9:31:31,
Hawthorn,e,19,red,7000,5,9/25/18,7,8,11.063,0.2301259,9:32:52,
Hawthorn,e,20,red,7000,5,9/25/18,7,8,5.451,0.10941,9:34:23,
Hawthorn,e,21,red,7000,5,9/25/18,7,8,8.992,0.2562143,9:35:41,
Hawthorn,e,22,red,7000,5,9/25/18,7,8,6.95,0.1412578,9:36:59,
Hawthorn,e,23,red,7000,5,9/25/18,7,8,5.595,1.161861,9:38:18,
Hawthorn,e,24,red,7000,5,9/25/18,7,8,4.304,0.9966956,9:39:35,
Hawthorn,e,25,red,7000,5,9/25/18,7,8,6.952,0.4612836,9:41:04,
Hawthorn,b,26,red,7000,5,9/25/18,7,8,,3.21E-02,9:42:37,10:30
Hawthorn,e,1,orange,6262,5,9/25/18,7,8,5.761,0.2619496,9:08:50,10:30
Hawthorn,e,2,orange,6262,5,9/25/18,7,8,7.681,0.3162879,9:10:02,
Hawthorn,e,3,orange,6262,5,9/25/18,7,8,10.02,1.323132,9:11:15,
Hawthorn,e,4,orange,6262,5,9/25/18,7,8,8.085,0.3262333,9:12:43,
Hawthorn,e,5,orange,6262,5,9/25/18,7,8,3.563,1.911262,9:13:59,
Hawthorn,e,6,orange,6262,5,9/25/18,7,8,4.362,0.2013169,9:15:22,
Hawthorn,e,7,orange,6262,5,9/25/18,7,8,6.626,1.113766,9:16:37,
Hawthorn,e,8,orange,6262,5,9/25/18,7,8,6.539,0.2700388,9:18:06,
Hawthorn,e,9,orange,6262,5,9/25/18,7,8,6.552,0.3190939,9:19:23,
Hawthorn,e,10,orange,6262,5,9/25/18,7,8,3.933,0.7773519,9:20:35,
Hawthorn,e,11,orange,6262,5,9/25/18,7,8,6.372,0.2854489,9:21:58,
Hawthorn,e,12,orange,6262,5,9/25/18,7,8,10.713,0.4992305,9:23:30,
Hawthorn,e,13,orange,6262,5,9/25/18,7,8,3.998,1.152788,9:24:52,
Hawthorn,e,14,orange,6262,5,9/25/18,7,8,6.145,0.2122525,9:26:14,
Hawthorn,e,15,orange,6262,5,9/25/18,7,8,10.019,0.4351077,9:27:26,
Hawthorn,e,16,orange,6262,5,9/25/18,7,8,6.017,0.3272793,9:28:48,
Hawthorn,e,17,orange,6262,5,9/25/18,7,8,7.378,1.085325,9:30:01,
Hawthorn,e,18,orange,6262,5,9/25/18,7,8,5.438,0.1860317,9:31:31,
Hawthorn,e,19,orange,6262,5,9/25/18,7,8,4.766,2.287625,9:32:52,
Hawthorn,e,20,orange,6262,5,9/25/18,7,8,6.863,0.2527192,9:34:23,
Hawthorn,e,21,orange,6262,5,9/25/18,7,8,5.161,0.1851923,9:35:41,
Hawthorn,e,22,orange,6262,5,9/25/18,7,8,9.941,0.3735743,9:36:59,
Hawthorn,e,23,orange,6262,5,9/25/18,7,8,10.059,0.3007925,9:38:18,
Hawthorn,e,24,orange,6262,5,9/25/18,7,8,7.547,2.270695,9:39:35,
Hawthorn,e,25,orange,6262,5,9/25/18,7,8,5.533,1.333645,9:41:04,
Hawthorn,b,26,orange,6262,5,9/25/18,7,8,,4.83E-02,9:42:37,10:36
Hawthorn,e,1,red,7000,6,9/26/18,7,8,4.673,9.92E-02,9:14:19,10:32
Hawthorn,e,2,red,7000,6,9/26/18,7,8,10.297,0.1938884,9:15:56,
Hawthorn,e,3,red,7000,6,9/26/18,7,8,10.495,0.2689771,9:17:15,
Hawthorn,e,4,red,7000,6,9/26/18,7,8,10.529,0.2614144,9:18:28,
Hawthorn,e,5,red,7000,6,9/26/18,7,8,9.251,1.203821,9:19:46,
Hawthorn,e,6,red,7000,6,9/26/18,7,8,7.832,0.1484227,9:21:04,
Hawthorn,e,7,red,7000,6,9/26/18,7,8,7.094,0.1099246,9:22:16,
Hawthorn,e,8,red,7000,6,9/26/18,7,8,10.21,0.2152156,9:23:35,
Hawthorn,e,9,red,7000,6,9/26/18,7,8,8.518,0.186234,9:24:56,
Hawthorn,e,10,red,7000,6,9/26/18,7,8,9.41,0.1877347,9:26:18,
Hawthorn,e,11,red,7000,6,9/26/18,7,8,8.433,0.1684663,9:27:32,
Hawthorn,e,12,red,7000,6,9/26/18,7,8,6.815,0.1476675,9:28:46,
Hawthorn,e,13,red,7000,6,9/26/18,7,8,5.552,1.026747,9:30:12,
Hawthorn,e,14,red,7000,6,9/26/18,7,8,7.133,0.208988,9:31:50,
Hawthorn,e,15,red,7000,6,9/26/18,7,8,10.016,1.430816,9:33:10,
Hawthorn,e,16,red,7000,6,9/26/18,7,8,8.891,0.2249373,9:34:35,
Hawthorn,e,17,red,7000,6,9/26/18,7,8,6.953,0.1377673,9:35:54,
Hawthorn,e,18,red,7000,6,9/26/18,7,8,6,1.824306,9:37:18,
Hawthorn,e,19,red,7000,6,9/26/18,7,8,5.926,0.1443761,9:38:43,
Hawthorn,e,20,red,7000,6,9/26/18,7,8,6.02,0.1717194,9:40:06,
Hawthorn,e,21,red,7000,6,9/26/18,7,8,9.024,0.1846107,9:41:35,
Hawthorn,e,22,red,7000,6,9/26/18,7,8,9.038,0.174463,9:43:02,
Hawthorn,e,23,red,7000,6,9/26/18,7,8,5.311,0.6526763,9:44:53,
Hawthorn,e,24,red,7000,6,9/26/18,7,8,7.417,0.1411231,9:46:29,
Hawthorn,e,25,red,7000,6,9/26/18,7,8,8.83,0.7916397,9:47:49,
Hawthorn,b,26,red,7000,6,9/26/18,7,8,,1.02E-02,9:49:09,10:38
Hawthorn,e,1,orange,6262,6,9/26/18,7,8,7.903,0.9324216,9:14:19,10:38
Hawthorn,e,2,orange,6262,6,9/26/18,7,8,7.78,0.2316168,9:15:56,
Hawthorn,e,3,orange,6262,6,9/26/18,7,8,7.229,0.2804033,9:17:15,
Hawthorn,e,4,orange,6262,6,9/26/18,7,8,9.538,0.4155771,9:18:28,
Hawthorn,e,5,orange,6262,6,9/26/18,7,8,9.392,0.3573065,9:19:46,
Hawthorn,e,6,orange,6262,6,9/26/18,7,8,4.691,0.1330405,9:21:04,
Hawthorn,e,7,orange,6262,6,9/26/18,7,8,7.93,0.1507268,9:22:16,
Hawthorn,e,8,orange,6262,6,9/26/18,7,8,7.329,0.2378924,9:23:35,
Hawthorn,e,9,orange,6262,6,9/26/18,7,8,6.806,0.843347,9:24:56,
Hawthorn,e,10,orange,6262,6,9/26/18,7,8,4.896,0.1972715,9:26:18,
Hawthorn,e,11,orange,6262,6,9/26/18,7,8,5.109,0.2214848,9:27:32,
Hawthorn,e,12,orange,6262,6,9/26/18,7,8,10.652,0.391331,9:28:46,
Hawthorn,e,13,orange,6262,6,9/26/18,7,8,3.665,1.790179,9:30:12,
Hawthorn,e,14,orange,6262,6,9/26/18,7,8,9.343,0.2733022,9:31:50,
Hawthorn,e,15,orange,6262,6,9/26/18,7,8,7.432,0.2330835,9:33:10,
Hawthorn,e,16,orange,6262,6,9/26/18,7,8,6.366,0.33157,9:34:35,
Hawthorn,e,17,orange,6262,6,9/26/18,7,8,3.835,0.1828676,9:35:54,
Hawthorn,e,18,orange,6262,6,9/26/18,7,8,7.912,0.3007571,9:37:18,
Hawthorn,e,19,orange,6262,6,9/26/18,7,8,4.665,0.1318368,9:38:43,
Hawthorn,e,20,orange,6262,6,9/26/18,7,8,4.818,0.6799925,9:40:06,
Hawthorn,e,21,orange,6262,6,9/26/18,7,8,6.77,0.202804,9:41:35,
Hawthorn,e,22,orange,6262,6,9/26/18,7,8,4.421,2.250607,9:43:02,
Hawthorn,e,23,orange,6262,6,9/26/18,7,8,5.365,0.2395036,9:44:53,
Hawthorn,e,24,orange,6262,6,9/26/18,7,8,6.685,0.2239211,9:46:29,
Hawthorn,e,25,orange,6262,6,9/26/18,7,8,5.468,0.1138271,9:47:49,
Hawthorn,b,26,orange,6262,6,9/26/18,7,8,,1.77E-02,9:49:09,10:44
Hawthorn,e,1,red,7000,9,9/29/18,7,8,6.551,0.1851517,11:09:54,11:41
Hawthorn,e,2,red,7000,9,9/29/18,7,8,7.122,0.1676758,11:11:50,
Hawthorn,e,3,red,7000,9,9/29/18,7,8,5.319,0.4968552,11:13:20,
Hawthorn,e,4,red,7000,9,9/29/18,7,8,7.218,0.1707799,11:14:55,
Hawthorn,e,5,red,7000,9,9/29/18,7,8,9.207,0.2681673,11:16:41,
Hawthorn,e,6,red,7000,9,9/29/18,7,8,8.757,0.8117591,11:18:09,
Hawthorn,e,7,red,7000,9,9/29/18,7,8,5.85,0.1082356,11:19:37,
Hawthorn,e,8,red,7000,9,9/29/18,7,8,7.414,0.2292387,11:20:56,
Hawthorn,e,9,red,7000,9,9/29/18,7,8,13.143,0.3181682,11:22:18,
Hawthorn,e,10,red,7000,9,9/29/18,7,8,6.622,0.1783515,11:23:44,
Hawthorn,b,11,red,7000,9,9/29/18,7,8,,7.40E-03,11:25:19,
Hawthorn,b,12,red,7000,9,9/29/18,7,8,,8.39E-03,11:26:24,11:44
Hawthorn,e,1,orange,6262,9,9/29/18,7,8,8.178,1.185045,11:09:54,11:44
Hawthorn,e,2,orange,6262,9,9/29/18,7,8,9.794,0.3382793,11:11:50,
Hawthorn,e,3,orange,6262,9,9/29/18,7,8,9.999,0.2792016,11:13:20,
Hawthorn,e,4,orange,6262,9,9/29/18,7,8,7.255,1.386098,11:14:55,
Hawthorn,e,5,orange,6262,9,9/29/18,7,8,9.952,0.397948,11:16:41,
Hawthorn,e,6,orange,6262,9,9/29/18,7,8,10.162,0.3271,11:18:09,
Hawthorn,e,7,orange,6262,9,9/29/18,7,8,7.698,0.2409693,11:19:37,
Hawthorn,e,8,orange,6262,9,9/29/18,7,8,6.383,0.2134652,11:20:56,
Hawthorn,e,9,orange,6262,9,9/29/18,7,8,7.274,0.2005725,11:22:18,
Hawthorn,e,10,orange,6262,9,9/29/18,7,8,9.192,0.3025207,11:23:44,
Hawthorn,b,11,orange,6262,9,9/29/18,7,8,,-8.07E-03,11:25:19,
Hawthorn,b,12,orange,6262,9,9/29/18,7,8,,6.85E-03,11:26:24,11:50
Hawthorn,e,1,red,7000,3,9/23/18,19,20,8.03,1.286561,9:15:30,10:18
Hawthorn,e,2,red,7000,3,9/23/18,19,20,9.149,7.80E-02,9:17:02,
Hawthorn,e,3,red,7000,3,9/23/18,19,20,7.029,7.85E-02,9:18:35,
Hawthorn,e,4,red,7000,3,9/23/18,19,20,6.94,7.82E-02,9:19:46,
Hawthorn,e,5,red,7000,3,9/23/18,19,20,4.438,0.786556,9:21:17,
Hawthorn,e,6,red,7000,3,9/23/18,19,20,9.308,6.35E-02,9:22:29,
Hawthorn,e,7,red,7000,3,9/23/18,19,20,6.934,4.93E-02,9:23:43,
Hawthorn,e,8,red,7000,3,9/23/18,19,20,10.221,8.77E-02,9:25:14,
Hawthorn,e,9,red,7000,3,9/23/18,19,20,5.653,5.43E-02,9:26:33,
Hawthorn,e,10,red,7000,3,9/23/18,19,20,4.649,6.35E-02,9:27:41,
Hawthorn,e,11,red,7000,3,9/23/18,19,20,5.991,9.73E-02,9:29:00,
Hawthorn,e,12,red,7000,3,9/23/18,19,20,10.547,6.66E-02,9:30:25,
Hawthorn,e,13,red,7000,3,9/23/18,19,20,9.067,7.02E-02,9:31:43,
Hawthorn,e,14,red,7000,3,9/23/18,19,20,5.593,6.34E-02,9:32:56,
Hawthorn,e,15,red,7000,3,9/23/18,19,20,7.036,3.98E-02,9:34:10,
Hawthorn,e,16,red,7000,3,9/23/18,19,20,7.482,0.5238549,9:35:35,
Hawthorn,e,17,red,7000,3,9/23/18,19,20,7.059,6.03E-02,9:36:46,
Hawthorn,e,18,red,7000,3,9/23/18,19,20,6.473,6.36E-02,9:37:54,
Hawthorn,e,19,red,7000,3,9/23/18,19,20,5.04,6.03E-02,9:39:11,
Hawthorn,e,20,red,7000,3,9/23/18,19,20,7.481,0.7904296,9:40:24,
Hawthorn,e,21,red,7000,3,9/23/18,19,20,8.123,8.54E-02,9:41:43,
Hawthorn,e,22,red,7000,3,9/23/18,19,20,7.161,3.89E-02,9:42:55,
Hawthorn,e,23,red,7000,3,9/23/18,19,20,10.011,8.69E-02,9:44:11,
Hawthorn,e,24,red,7000,3,9/23/18,19,20,4.798,0.1464238,9:45:28,
Hawthorn,e,25,red,7000,3,9/23/18,19,20,3.996,1.085948,9:46:54,
Hawthorn,b,26,red,7000,3,9/23/18,19,20,,5.13E-03,9:48:22,10:25
Hawthorn,b,27,red,7000,3,9/23/18,19,20,,3.97E-02,9:49:24,10:25
Hawthorn,e,1,orange,6262,3,9/23/18,19,20,5.942,0.2110428,9:15:30,
Hawthorn,e,2,orange,6262,3,9/23/18,19,20,3.302,1.936701,9:17:02,
Hawthorn,e,3,orange,6262,3,9/23/18,19,20,9.571,0.1374681,9:18:35,
Hawthorn,e,4,orange,6262,3,9/23/18,19,20,8.65,1.391504,9:19:46,
Hawthorn,e,5,orange,6262,3,9/23/18,19,20,7.463,0.1000245,9:21:17,
Hawthorn,e,6,orange,6262,3,9/23/18,19,20,5.463,8.45E-02,9:22:29,
Hawthorn,e,7,orange,6262,3,9/23/18,19,20,7.122,1.049116,9:23:43,
Hawthorn,e,8,orange,6262,3,9/23/18,19,20,9.445,0.1451192,9:25:14,
Hawthorn,e,9,orange,6262,3,9/23/18,19,20,6.862,4.32E-02,9:26:33,
Hawthorn,e,10,orange,6262,3,9/23/18,19,20,9.577,0.1559228,9:27:41,
Hawthorn,e,11,orange,6262,3,9/23/18,19,20,10.648,0.1970055,9:29:00,
Hawthorn,e,12,orange,6262,3,9/23/18,19,20,9.378,7.22E-02,9:30:25,
Hawthorn,e,13,orange,6262,3,9/23/18,19,20,6.978,0.1108116,9:31:43,
Hawthorn,e,14,orange,6262,3,9/23/18,19,20,7.553,0.1133015,9:32:56,
Hawthorn,e,15,orange,6262,3,9/23/18,19,20,9.169,1.289956,9:34:10,
Hawthorn,e,16,orange,6262,3,9/23/18,19,20,7.595,7.47E-02,9:35:35,
Hawthorn,e,17,orange,6262,3,9/23/18,19,20,6.593,9.69E-02,9:36:46,
Hawthorn,e,18,orange,6262,3,9/23/18,19,20,7.234,0.1400325,9:37:54,
Hawthorn,e,19,orange,6262,3,9/23/18,19,20,8.89,0.1249954,9:39:11,
Hawthorn,e,20,orange,6262,3,9/23/18,19,20,4.063,9.44E-02,9:40:24,
Hawthorn,e,21,orange,6262,3,9/23/18,19,20,7.454,8.20E-02,9:41:43,
Hawthorn,e,22,orange,6262,3,9/23/18,19,20,5.578,0.1313519,9:42:55,
Hawthorn,e,23,orange,6262,3,9/23/18,19,20,6.003,0.1024249,9:44:11,
Hawthorn,e,24,orange,6262,3,9/23/18,19,20,5.755,0.1893737,9:45:28,
Hawthorn,e,25,orange,6262,3,9/23/18,19,20,7.392,0.303696,9:46:54,
Hawthorn,b,26,orange,6262,3,9/23/18,19,20,,1.62E-02,9:48:22,
Hawthorn,b,27,orange,6262,3,9/23/18,19,20,,6.99E-02,9:49:24,10:31
Hawthorn,e,1,red,7000,4,9/24/18,19,20,10.303,7.92E-02,9:15:23,10:19
Hawthorn,e,2,red,7000,4,9/24/18,19,20,9.912,7.64E-02,9:16:41,
Hawthorn,e,3,red,7000,4,9/24/18,19,20,9.735,8.80E-02,9:17:51,
Hawthorn,e,4,red,7000,4,9/24/18,19,20,9.128,9.21E-02,9:19:04,
Hawthorn,e,5,red,7000,4,9/24/18,19,20,9.634,0.0710906,9:20:29,
Hawthorn,e,6,red,7000,4,9/24/18,19,20,7.192,6.76E-02,9:21:46,
Hawthorn,e,7,red,7000,4,9/24/18,19,20,7.209,6.46E-02,9:23:11,
Hawthorn,e,8,red,7000,4,9/24/18,19,20,11.029,7.15E-02,9:24:26,
Hawthorn,e,9,red,7000,4,9/24/18,19,20,8.791,0.1273376,9:25:53,
Hawthorn,e,10,red,7000,4,9/24/18,19,20,8.219,0.7444162,9:27:23,
Hawthorn,e,11,red,7000,4,9/24/18,19,20,5.713,4.07E-02,9:28:50,
Hawthorn,e,12,red,7000,4,9/24/18,19,20,7.174,5.00E-02,9:30:07,
Hawthorn,e,13,red,7000,4,9/24/18,19,20,7.404,4.90E-02,9:31:24,
Hawthorn,e,14,red,7000,4,9/24/18,19,20,6.841,3.90E-02,9:32:44,
Hawthorn,e,15,red,7000,4,9/24/18,19,20,6.13,5.27E-02,9:34:05,
Hawthorn,e,16,red,7000,4,9/24/18,19,20,8.135,6.72E-02,9:35:22,
Hawthorn,e,17,red,7000,4,9/24/18,19,20,10.69,6.30E-02,9:36:47,
Hawthorn,e,18,red,7000,4,9/24/18,19,20,6.403,3.77E-03,9:38:08,
Hawthorn,e,19,red,7000,4,9/24/18,19,20,8.657,0.3191873,9:39:26,
Hawthorn,e,20,red,7000,4,9/24/18,19,20,11.98,0.0451839,9:40:41,
Hawthorn,b,21,red,7000,4,9/24/18,19,20,,5.95E-03,9:42:04,
Hawthorn,b,22,red,7000,4,9/24/18,19,20,,8.06E-03,9:43:10,10:23
Hawthorn,e,1,orange,6262,4,9/24/18,19,20,7.593,0.1438509,9:15:23,10:23
Hawthorn,e,2,orange,6262,4,9/24/18,19,20,6.572,0.1037605,9:16:41,
Hawthorn,e,3,orange,6262,4,9/24/18,19,20,8.271,0.1075725,9:17:51,
Hawthorn,e,4,orange,6262,4,9/24/18,19,20,8.964,0.1098465,9:19:04,
Hawthorn,e,5,orange,6262,4,9/24/18,19,20,7.016,0.1413264,9:20:29,
Hawthorn,e,6,orange,6262,4,9/24/18,19,20,5.267,0.1170074,9:21:46,
Hawthorn,e,7,orange,6262,4,9/24/18,19,20,6.671,7.51E-02,9:23:11,
Hawthorn,e,8,orange,6262,4,9/24/18,19,20,6.363,0.1429358,9:24:26,
Hawthorn,e,9,orange,6262,4,9/24/18,19,20,7.186,0.1821059,9:25:53,
Hawthorn,e,10,orange,6262,4,9/24/18,19,20,8.404,0.1035181,9:27:23,
Hawthorn,e,11,orange,6262,4,9/24/18,19,20,7.261,0.1172832,9:28:50,
Hawthorn,e,12,orange,6262,4,9/24/18,19,20,6.658,0.1222633,9:30:07,
Hawthorn,e,13,orange,6262,4,9/24/18,19,20,7.361,0.1111699,9:31:24,
Hawthorn,e,14,orange,6262,4,9/24/18,19,20,9.884,9.89E-02,9:32:44,
Hawthorn,e,15,orange,6262,4,9/24/18,19,20,7.654,0.1254598,9:34:05,
Hawthorn,e,16,orange,6262,4,9/24/18,19,20,9.269,0.1789727,9:35:22,
Hawthorn,e,17,orange,6262,4,9/24/18,19,20,6.361,0.1303811,9:36:47,
Hawthorn,e,18,orange,6262,4,9/24/18,19,20,5.326,8.28E-02,9:38:08,
Hawthorn,e,19,orange,6262,4,9/24/18,19,20,4.391,0.1167093,9:39:26,
Hawthorn,e,20,orange,6262,4,9/24/18,19,20,7.387,7.33E-02,9:40:41,
Hawthorn,b,21,orange,6262,4,9/24/18,19,20,,7.31E-03,9:42:04,
Hawthorn,b,22,orange,6262,4,9/24/18,19,20,,1.98E-02,9:43:10,10:27
Hawthorn,e,1,red,7000,5,9/25/18,19,20,7.683,4.77E-02,8:14:21,10:09
Hawthorn,e,2,red,7000,5,9/25/18,19,20,10.117,4.45E-02,8:15:42,
Hawthorn,e,3,red,7000,5,9/25/18,19,20,6.842,3.65E-02,8:17:05,
Hawthorn,e,4,red,7000,5,9/25/18,19,20,9.764,7.62E-02,8:18:37,
Hawthorn,e,5,red,7000,5,9/25/18,19,20,9.893,8.86E-02,8:20:02,
Hawthorn,e,6,red,7000,5,9/25/18,19,20,2.772,3.98E-02,8:21:21,
Hawthorn,e,7,red,7000,5,9/25/18,19,20,5.75,3.53E-02,8:22:52,
Hawthorn,e,8,red,7000,5,9/25/18,19,20,10.68,0.1033894,8:24:10,
Hawthorn,e,9,red,7000,5,9/25/18,19,20,7.669,3.76E-02,8:25:31,
Hawthorn,e,10,red,7000,5,9/25/18,19,20,9.448,6.09E-02,8:26:50,
Hawthorn,e,11,red,7000,5,9/25/18,19,20,7.348,3.89E-02,8:28:08,
Hawthorn,e,12,red,7000,5,9/25/18,19,20,6.876,2.73E-02,8:29:22,
Hawthorn,e,13,red,7000,5,9/25/18,19,20,7.874,8.62E-02,8:30:36,
Hawthorn,e,14,red,7000,5,9/25/18,19,20,7.091,0.0607416,8:32:02,
Hawthorn,e,15,red,7000,5,9/25/18,19,20,9.032,8.99E-02,8:33:26,
Hawthorn,e,16,red,7000,5,9/25/18,19,20,6.098,4.45E-02,8:34:45,
Hawthorn,e,17,red,7000,5,9/25/18,19,20,6.829,7.27E-02,8:36:04,
Hawthorn,e,18,red,7000,5,9/25/18,19,20,12.542,8.61E-02,8:37:16,
Hawthorn,e,19,red,7000,5,9/25/18,19,20,8.616,7.33E-02,8:38:36,
Hawthorn,e,20,red,7000,5,9/25/18,19,20,6.862,5.43E-02,8:39:56,
Hawthorn,b,21,red,7000,5,9/25/18,19,20,,5.66E-03,8:41:30,
Hawthorn,b,22,red,7000,5,9/25/18,19,20,,5.23E-03,8:42:34,10:14
Hawthorn,e,1,orange,6262,5,9/25/18,19,20,8.528,9.78E-02,8:14:21,10:14
Hawthorn,e,2,orange,6262,5,9/25/18,19,20,9.058,0.124979,8:15:42,
Hawthorn,e,3,orange,6262,5,9/25/18,19,20,9.614,7.30E-02,8:17:05,
Hawthorn,e,4,orange,6262,5,9/25/18,19,20,7.562,0.1145935,8:18:37,
Hawthorn,e,5,orange,6262,5,9/25/18,19,20,7.279,9.02E-02,8:20:02,
Hawthorn,e,6,orange,6262,5,9/25/18,19,20,6.91,1.096166,8:21:21,
Hawthorn,e,7,orange,6262,5,9/25/18,19,20,8.299,9.76E-02,8:22:52,
Hawthorn,e,8,orange,6262,5,9/25/18,19,20,8.872,0.1780764,8:24:10,
Hawthorn,e,9,orange,6262,5,9/25/18,19,20,11.539,0.1717763,8:25:31,
Hawthorn,e,10,orange,6262,5,9/25/18,19,20,6.733,0.1030174,8:26:50,
Hawthorn,e,11,orange,6262,5,9/25/18,19,20,9.219,0.1024264,8:28:08,
Hawthorn,e,12,orange,6262,5,9/25/18,19,20,6.338,5.01E-02,8:29:22,
Hawthorn,e,13,orange,6262,5,9/25/18,19,20,6.94,0.1127161,8:30:36,
Hawthorn,e,14,orange,6262,5,9/25/18,19,20,10.261,0.1528939,8:32:02,
Hawthorn,e,15,orange,6262,5,9/25/18,19,20,6.617,0.1647835,8:33:26,
Hawthorn,e,16,orange,6262,5,9/25/18,19,20,8.158,0.1370459,8:34:45,
Hawthorn,e,17,orange,6262,5,9/25/18,19,20,4.95,4.62E-02,8:36:04,
Hawthorn,e,18,orange,6262,5,9/25/18,19,20,6.331,0.347365,8:37:16,
Hawthorn,e,19,orange,6262,5,9/25/18,19,20,5.739,0.1246005,8:38:36,
Hawthorn,e,20,orange,6262,5,9/25/18,19,20,7.118,1.139491,8:39:56,
Hawthorn,b,21,orange,6262,5,9/25/18,19,20,,1.52E-02,8:41:30,
Hawthorn,b,22,orange,6262,5,9/25/18,19,20,,1.62E-02,8:42:34,10:19
Hawthorn,e,1,red,7000,6,9/26/18,19,20,5.766,0.0665392,8:28:24,9:19
Hawthorn,e,2,red,7000,6,9/26/18,19,20,9.02,6.53E-02,8:29:44,
Hawthorn,e,3,red,7000,6,9/26/18,19,20,11.157,5.90E-02,8:30:53,
Hawthorn,e,4,red,7000,6,9/26/18,19,20,4.211,0.1440904,8:32:32,
Hawthorn,e,5,red,7000,6,9/26/18,19,20,7.966,3.44E-02,8:34:14,
Hawthorn,e,6,red,7000,6,9/26/18,19,20,7.862,5.33E-02,8:35:45,
Hawthorn,e,7,red,7000,6,9/26/18,19,20,6.312,5.18E-02,8:37:05,
Hawthorn,e,8,red,7000,6,9/26/18,19,20,10.566,9.35E-02,8:38:23,
Hawthorn,e,9,red,7000,6,9/26/18,19,20,9.595,0.1978312,8:39:42,
Hawthorn,e,10,red,7000,6,9/26/18,19,20,6.704,4.51E-02,8:41:09,
Hawthorn,e,11,red,7000,6,9/26/18,19,20,9.441,6.61E-02,8:42:32,
Hawthorn,e,12,red,7000,6,9/26/18,19,20,6.927,4.76E-02,8:43:52,
Hawthorn,e,13,red,7000,6,9/26/18,19,20,5.882,0.4427113,8:45:18,
Hawthorn,e,14,red,7000,6,9/26/18,19,20,6.574,0.6145979,8:46:45,
Hawthorn,e,15,red,7000,6,9/26/18,19,20,6.787,8.64E-02,8:48:17,
Hawthorn,e,16,red,7000,6,9/26/18,19,20,9.378,9.07E-02,8:49:33,
Hawthorn,e,17,red,7000,6,9/26/18,19,20,8.595,0.8342099,8:50:53,
Hawthorn,e,18,red,7000,6,9/26/18,19,20,10.406,7.87E-02,8:52:27,
Hawthorn,e,19,red,7000,6,9/26/18,19,20,9.506,0.0720861,8:53:51,
Hawthorn,e,20,red,7000,6,9/26/18,19,20,8.555,4.30E-03,8:55:11,
Hawthorn,b,21,red,7000,6,9/26/18,19,20,,5.56E-03,8:56:38,9:24
Hawthorn,b,22,red,7000,6,9/26/18,19,20,,7.85E-03,8:57:46,9:24
Hawthorn,e,1,orange,6262,6,9/26/18,19,20,4.303,0.1351242,8:28:24,
Hawthorn,e,2,orange,6262,6,9/26/18,19,20,6.863,0.0827463,8:29:44,
Hawthorn,e,3,orange,6262,6,9/26/18,19,20,6.323,1.137766,8:30:53,
Hawthorn,e,4,orange,6262,6,9/26/18,19,20,4.547,0.8803463,8:32:32,
Hawthorn,e,5,orange,6262,6,9/26/18,19,20,8.148,0.1552431,8:34:14,
Hawthorn,e,6,orange,6262,6,9/26/18,19,20,6.75,0.1162251,8:35:45,
Hawthorn,e,7,orange,6262,6,9/26/18,19,20,6.309,7.86E-02,8:37:05,
Hawthorn,e,8,orange,6262,6,9/26/18,19,20,5.772,9.72E-02,8:38:23,
Hawthorn,e,9,orange,6262,6,9/26/18,19,20,6.262,0.1037739,8:39:42,
Hawthorn,e,10,orange,6262,6,9/26/18,19,20,7.635,0.1172321,8:41:09,
Hawthorn,e,11,orange,6262,6,9/26/18,19,20,8.631,0.1329947,8:42:32,
Hawthorn,e,12,orange,6262,6,9/26/18,19,20,4.186,0.1011545,8:43:52,
Hawthorn,e,13,orange,6262,6,9/26/18,19,20,5.398,0.1002977,8:45:18,
Hawthorn,e,14,orange,6262,6,9/26/18,19,20,6.302,7.25E-02,8:46:45,
Hawthorn,e,15,orange,6262,6,9/26/18,19,20,7.811,8.82E-02,8:48:17,
Hawthorn,e,16,orange,6262,6,9/26/18,19,20,5.215,7.33E-02,8:49:33,
Hawthorn,e,17,orange,6262,6,9/26/18,19,20,11.307,9.74E-02,8:50:53,
Hawthorn,e,18,orange,6262,6,9/26/18,19,20,4.853,8.87E-02,8:52:27,
Hawthorn,e,19,orange,6262,6,9/26/18,19,20,8.669,7.87E-02,8:53:51,
Hawthorn,e,20,orange,6262,6,9/26/18,19,20,4.47,9.40E-02,8:55:11,
Hawthorn,b,21,orange,6262,6,9/26/18,19,20,,7.19E-03,8:56:38,
Hawthorn,b,22,orange,6262,6,9/26/18,19,20,,1.94E-02,8:57:46,9:29